series,freq,first,last,age_months
aku_ledighet,M,2006-01,2026-08,2
aku_sysselsatt_andel,M,2009-01,2026-08,2
bef_baerum,Q,1997Q4,2026Q2,4
bef_bergen,Q,1997Q4,2026Q2,4
bef_norge,Q,1997Q4,2026Q2,4
bef_oslo,Q,1997Q4,2026Q2,4
bef_stavanger,Q,1997Q4,2026Q2,4
bef_trondheim,Q,1997Q4,2026Q2,4
bpi_bergen,Q,1992Q1,2026Q2,4
bpi_bergen_sa,Q,2005Q1,2026Q2,4
bpi_norge,Q,1992Q1,2026Q2,4
bpi_norge_sa,Q,2005Q1,2026Q2,4
bpi_oslo,Q,1992Q1,2026Q2,4
bpi_oslo_sa,Q,2005Q1,2026Q2,4
bpi_stavanger,Q,1992Q1,2026Q2,4
bpi_stavanger_sa,Q,2005Q1,2026Q2,4
bpi_trondheim,Q,1992Q1,2026Q2,4
bpi_trondheim_sa,Q,2005Q1,2026Q2,4
brent_usd,M,1987-05,2026-09,1
byggekostnad,M,1978-01,2026-08,2
eurnok,M,1999-01,2026-10,0
fullf_baerum,Q,2000Q1,2026Q2,4
fullf_bergen,Q,2000Q1,2026Q2,4
fullf_norge,Q,2000Q1,2026Q2,4
fullf_oslo,Q,2000Q1,2026Q2,4
fullf_stavanger,Q,2000Q1,2026Q2,4
fullf_trondheim,Q,2000Q1,2026Q2,4
igang_baerum,Q,2000Q1,2026Q2,4
igang_bergen,Q,2000Q1,2026Q2,4
igang_norge,Q,2000Q1,2026Q2,4
igang_oslo,Q,2000Q1,2026Q2,4
igang_stavanger,Q,2000Q1,2026Q2,4
igang_trondheim,Q,2000Q1,2026Q2,4
k2_hush_sa,M,1987-12,2026-08,2
k2_hush_vekst,M,1988-12,2026-08,2
kpi,M,1920-03,2026-08,2
nettoinnfl_baerum,Q,1997Q4,2026Q2,4
nettoinnfl_bergen,Q,1997Q4,2026Q2,4
nettoinnfl_norge,Q,1997Q4,2026Q2,4
nettoinnfl_oslo,Q,1997Q4,2026Q2,4
nettoinnfl_stavanger,Q,1997Q4,2026Q2,4
nettoinnfl_trondheim,Q,1997Q4,2026Q2,4
rente_ny_flytende,M,2013-12,2026-08,2
rente_ny_total,M,2013-12,2026-08,2
rente_utest_bolig,Q,2008Q4,2026Q2,4
rente_utest_total,Q,2002Q1,2026Q2,4
statsobl_10y,M,2019-01,2026-10,0
statsobl_3y,M,2019-01,2026-10,0
statsobl_5y,M,2019-01,2026-10,0
statsveksel_12m,M,2019-01,2026-10,0
styringsrente,M,1991-01,2026-10,0
