period,aku_ledighet,aku_sysselsatt_andel,bef_baerum,bef_bergen,bef_norge,bef_oslo,bef_stavanger,bef_trondheim,bpi_bergen,bpi_bergen_sa,bpi_norge,bpi_norge_sa,bpi_oslo,bpi_oslo_sa,bpi_stavanger,bpi_stavanger_sa,bpi_trondheim,bpi_trondheim_sa,byggekostnad,fullf_baerum,fullf_bergen,fullf_norge,fullf_oslo,fullf_stavanger,fullf_trondheim,igang_baerum,igang_bergen,igang_norge,igang_oslo,igang_stavanger,igang_trondheim,k2_hush_sa,k2_hush_vekst,kpi,nettoinnfl_baerum,nettoinnfl_bergen,nettoinnfl_norge,nettoinnfl_oslo,nettoinnfl_stavanger,nettoinnfl_trondheim,rente_ny_flytende,rente_ny_total,rente_utest_bolig,rente_utest_total,brent_usd,eurnok,statsobl_10y,statsobl_3y,statsobl_5y,statsveksel_12m,styringsrente,bpi_bergen_real,bpi_bergen_sa_real,bpi_norge_real,bpi_norge_sa_real,bpi_oslo_real,bpi_oslo_sa_real,bpi_stavanger_real,bpi_stavanger_sa_real,bpi_trondheim_real,bpi_trondheim_sa_real
1920Q1,,,,,,,,,,,,,,,,,,,,,,,,,,,,,,,,,,3.7,,,,,,,,,,,,,,,,,,,,,,,,,,,
1920Q2,,,,,,,,,,,,,,,,,,,,,,,,,,,,,,,,,,3.83333,,,,,,,,,,,,,,,,,,,,,,,,,,,
1920Q3,,,,,,,,,,,,,,,,,,,,,,,,,,,,,,,,,,4.1,,,,,,,,,,,,,,,,,,,,,,,,,,,
1920Q4,,,,,,,,,,,,,,,,,,,,,,,,,,,,,,,,,,4.3,,,,,,,,,,,,,,,,,,,,,,,,,,,
1921Q1,,,,,,,,,,,,,,,,,,,,,,,,,,,,,,,,,,3.96667,,,,,,,,,,,,,,,,,,,,,,,,,,,
1921Q2,,,,,,,,,,,,,,,,,,,,,,,,,,,,,,,,,,3.73333,,,,,,,,,,,,,,,,,,,,,,,,,,,
1921Q3,,,,,,,,,,,,,,,,,,,,,,,,,,,,,,,,,,3.66667,,,,,,,,,,,,,,,,,,,,,,,,,,,
1921Q4,,,,,,,,,,,,,,,,,,,,,,,,,,,,,,,,,,3.53333,,,,,,,,,,,,,,,,,,,,,,,,,,,
1922Q1,,,,,,,,,,,,,,,,,,,,,,,,,,,,,,,,,,3.3,,,,,,,,,,,,,,,,,,,,,,,,,,,
1922Q2,,,,,,,,,,,,,,,,,,,,,,,,,,,,,,,,,,3.13333,,,,,,,,,,,,,,,,,,,,,,,,,,,
1922Q3,,,,,,,,,,,,,,,,,,,,,,,,,,,,,,,,,,3.1,,,,,,,,,,,,,,,,,,,,,,,,,,,
1922Q4,,,,,,,,,,,,,,,,,,,,,,,,,,,,,,,,,,2.96667,,,,,,,,,,,,,,,,,,,,,,,,,,,
1923Q1,,,,,,,,,,,,,,,,,,,,,,,,,,,,,,,,,,2.9,,,,,,,,,,,,,,,,,,,,,,,,,,,
1923Q2,,,,,,,,,,,,,,,,,,,,,,,,,,,,,,,,,,2.9,,,,,,,,,,,,,,,,,,,,,,,,,,,
1923Q3,,,,,,,,,,,,,,,,,,,,,,,,,,,,,,,,,,2.93333,,,,,,,,,,,,,,,,,,,,,,,,,,,
1923Q4,,,,,,,,,,,,,,,,,,,,,,,,,,,,,,,,,,2.96667,,,,,,,,,,,,,,,,,,,,,,,,,,,
1924Q1,,,,,,,,,,,,,,,,,,,,,,,,,,,,,,,,,,3.06667,,,,,,,,,,,,,,,,,,,,,,,,,,,
1924Q2,,,,,,,,,,,,,,,,,,,,,,,,,,,,,,,,,,3.13333,,,,,,,,,,,,,,,,,,,,,,,,,,,
1924Q3,,,,,,,,,,,,,,,,,,,,,,,,,,,,,,,,,,3.26667,,,,,,,,,,,,,,,,,,,,,,,,,,,
1924Q4,,,,,,,,,,,,,,,,,,,,,,,,,,,,,,,,,,3.36667,,,,,,,,,,,,,,,,,,,,,,,,,,,
1925Q1,,,,,,,,,,,,,,,,,,,,,,,,,,,,,,,,,,3.46667,,,,,,,,,,,,,,,,,,,,,,,,,,,
1925Q2,,,,,,,,,,,,,,,,,,,,,,,,,,,,,,,,,,3.36667,,,,,,,,,,,,,,,,,,,,,,,,,,,
1925Q3,,,,,,,,,,,,,,,,,,,,,,,,,,,,,,,,,,3.26667,,,,,,,,,,,,,,,,,,,,,,,,,,,
1925Q4,,,,,,,,,,,,,,,,,,,,,,,,,,,,,,,,,,3.03333,,,,,,,,,,,,,,,,,,,,,,,,,,,
1926Q1,,,,,,,,,,,,,,,,,,,,,,,,,,,,,,,,,,2.9,,,,,,,,,,,,,,,,,,,,,,,,,,,
1926Q2,,,,,,,,,,,,,,,,,,,,,,,,,,,,,,,,,,2.8,,,,,,,,,,,,,,,,,,,,,,,,,,,
1926Q3,,,,,,,,,,,,,,,,,,,,,,,,,,,,,,,,,,2.76667,,,,,,,,,,,,,,,,,,,,,,,,,,,
1926Q4,,,,,,,,,,,,,,,,,,,,,,,,,,,,,,,,,,2.7,,,,,,,,,,,,,,,,,,,,,,,,,,,
1927Q1,,,,,,,,,,,,,,,,,,,,,,,,,,,,,,,,,,2.56667,,,,,,,,,,,,,,,,,,,,,,,,,,,
1927Q2,,,,,,,,,,,,,,,,,,,,,,,,,,,,,,,,,,2.5,,,,,,,,,,,,,,,,,,,,,,,,,,,
1927Q3,,,,,,,,,,,,,,,,,,,,,,,,,,,,,,,,,,2.5,,,,,,,,,,,,,,,,,,,,,,,,,,,
1927Q4,,,,,,,,,,,,,,,,,,,,,,,,,,,,,,,,,,2.43333,,,,,,,,,,,,,,,,,,,,,,,,,,,
1928Q1,,,,,,,,,,,,,,,,,,,,,,,,,,,,,,,,,,2.36667,,,,,,,,,,,,,,,,,,,,,,,,,,,
1928Q2,,,,,,,,,,,,,,,,,,,,,,,,,,,,,,,,,,2.3,,,,,,,,,,,,,,,,,,,,,,,,,,,
1928Q3,,,,,,,,,,,,,,,,,,,,,,,,,,,,,,,,,,2.33333,,,,,,,,,,,,,,,,,,,,,,,,,,,
1928Q4,,,,,,,,,,,,,,,,,,,,,,,,,,,,,,,,,,2.3,,,,,,,,,,,,,,,,,,,,,,,,,,,
1929Q1,,,,,,,,,,,,,,,,,,,,,,,,,,,,,,,,,,2.2,,,,,,,,,,,,,,,,,,,,,,,,,,,
1929Q2,,,,,,,,,,,,,,,,,,,,,,,,,,,,,,,,,,2.2,,,,,,,,,,,,,,,,,,,,,,,,,,,
1929Q3,,,,,,,,,,,,,,,,,,,,,,,,,,,,,,,,,,2.2,,,,,,,,,,,,,,,,,,,,,,,,,,,
1929Q4,,,,,,,,,,,,,,,,,,,,,,,,,,,,,,,,,,2.2,,,,,,,,,,,,,,,,,,,,,,,,,,,
1930Q1,,,,,,,,,,,,,,,,,,,,,,,,,,,,,,,,,,2.2,,,,,,,,,,,,,,,,,,,,,,,,,,,
1930Q2,,,,,,,,,,,,,,,,,,,,,,,,,,,,,,,,,,2.2,,,,,,,,,,,,,,,,,,,,,,,,,,,
1930Q3,,,,,,,,,,,,,,,,,,,,,,,,,,,,,,,,,,2.2,,,,,,,,,,,,,,,,,,,,,,,,,,,
1930Q4,,,,,,,,,,,,,,,,,,,,,,,,,,,,,,,,,,2.1,,,,,,,,,,,,,,,,,,,,,,,,,,,
1931Q1,,,,,,,,,,,,,,,,,,,,,,,,,,,,,,,,,,2.1,,,,,,,,,,,,,,,,,,,,,,,,,,,
1931Q2,,,,,,,,,,,,,,,,,,,,,,,,,,,,,,,,,,2.03333,,,,,,,,,,,,,,,,,,,,,,,,,,,
1931Q3,,,,,,,,,,,,,,,,,,,,,,,,,,,,,,,,,,2,,,,,,,,,,,,,,,,,,,,,,,,,,,
1931Q4,,,,,,,,,,,,,,,,,,,,,,,,,,,,,,,,,,2,,,,,,,,,,,,,,,,,,,,,,,,,,,
1932Q1,,,,,,,,,,,,,,,,,,,,,,,,,,,,,,,,,,2,,,,,,,,,,,,,,,,,,,,,,,,,,,
1932Q2,,,,,,,,,,,,,,,,,,,,,,,,,,,,,,,,,,2,,,,,,,,,,,,,,,,,,,,,,,,,,,
1932Q3,,,,,,,,,,,,,,,,,,,,,,,,,,,,,,,,,,2,,,,,,,,,,,,,,,,,,,,,,,,,,,
1932Q4,,,,,,,,,,,,,,,,,,,,,,,,,,,,,,,,,,2,,,,,,,,,,,,,,,,,,,,,,,,,,,
1933Q1,,,,,,,,,,,,,,,,,,,,,,,,,,,,,,,,,,2,,,,,,,,,,,,,,,,,,,,,,,,,,,
1933Q2,,,,,,,,,,,,,,,,,,,,,,,,,,,,,,,,,,2,,,,,,,,,,,,,,,,,,,,,,,,,,,
1933Q3,,,,,,,,,,,,,,,,,,,,,,,,,,,,,,,,,,2,,,,,,,,,,,,,,,,,,,,,,,,,,,
1933Q4,,,,,,,,,,,,,,,,,,,,,,,,,,,,,,,,,,2,,,,,,,,,,,,,,,,,,,,,,,,,,,
1934Q1,,,,,,,,,,,,,,,,,,,,,,,,,,,,,,,,,,2,,,,,,,,,,,,,,,,,,,,,,,,,,,
1934Q2,,,,,,,,,,,,,,,,,,,,,,,,,,,,,,,,,,2,,,,,,,,,,,,,,,,,,,,,,,,,,,
1934Q3,,,,,,,,,,,,,,,,,,,,,,,,,,,,,,,,,,2,,,,,,,,,,,,,,,,,,,,,,,,,,,
1934Q4,,,,,,,,,,,,,,,,,,,,,,,,,,,,,,,,,,2,,,,,,,,,,,,,,,,,,,,,,,,,,,
1935Q1,,,,,,,,,,,,,,,,,,,,,,,,,,,,,,,,,,2,,,,,,,,,,,,,,,,,,,,,,,,,,,
1935Q2,,,,,,,,,,,,,,,,,,,,,,,,,,,,,,,,,,2,,,,,,,,,,,,,,,,,,,,,,,,,,,
1935Q3,,,,,,,,,,,,,,,,,,,,,,,,,,,,,,,,,,2,,,,,,,,,,,,,,,,,,,,,,,,,,,
1935Q4,,,,,,,,,,,,,,,,,,,,,,,,,,,,,,,,,,2.06667,,,,,,,,,,,,,,,,,,,,,,,,,,,
1936Q1,,,,,,,,,,,,,,,,,,,,,,,,,,,,,,,,,,2.1,,,,,,,,,,,,,,,,,,,,,,,,,,,
1936Q2,,,,,,,,,,,,,,,,,,,,,,,,,,,,,,,,,,2.1,,,,,,,,,,,,,,,,,,,,,,,,,,,
1936Q3,,,,,,,,,,,,,,,,,,,,,,,,,,,,,,,,,,2.1,,,,,,,,,,,,,,,,,,,,,,,,,,,
1936Q4,,,,,,,,,,,,,,,,,,,,,,,,,,,,,,,,,,2.1,,,,,,,,,,,,,,,,,,,,,,,,,,,
1937Q1,,,,,,,,,,,,,,,,,,,,,,,,,,,,,,,,,,2.13333,,,,,,,,,,,,,,,,,,,,,,,,,,,
1937Q2,,,,,,,,,,,,,,,,,,,,,,,,,,,,,,,,,,2.2,,,,,,,,,,,,,,,,,,,,,,,,,,,
1937Q3,,,,,,,,,,,,,,,,,,,,,,,,,,,,,,,,,,2.3,,,,,,,,,,,,,,,,,,,,,,,,,,,
1937Q4,,,,,,,,,,,,,,,,,,,,,,,,,,,,,,,,,,2.3,,,,,,,,,,,,,,,,,,,,,,,,,,,
1938Q1,,,,,,,,,,,,,,,,,,,,,,,,,,,,,,,,,,2.3,,,,,,,,,,,,,,,,,,,,,,,,,,,
1938Q2,,,,,,,,,,,,,,,,,,,,,,,,,,,,,,,,,,2.3,,,,,,,,,,,,,,,,,,,,,,,,,,,
1938Q3,,,,,,,,,,,,,,,,,,,,,,,,,,,,,,,,,,2.3,,,,,,,,,,,,,,,,,,,,,,,,,,,
1938Q4,,,,,,,,,,,,,,,,,,,,,,,,,,,,,,,,,,2.3,,,,,,,,,,,,,,,,,,,,,,,,,,,
1939Q1,,,,,,,,,,,,,,,,,,,,,,,,,,,,,,,,,,2.3,,,,,,,,,,,,,,,,,,,,,,,,,,,
1939Q2,,,,,,,,,,,,,,,,,,,,,,,,,,,,,,,,,,2.3,,,,,,,,,,,,,,,,,,,,,,,,,,,
1939Q3,,,,,,,,,,,,,,,,,,,,,,,,,,,,,,,,,,2.3,,,,,,,,,,,,,,,,,,,,,,,,,,,
1939Q4,,,,,,,,,,,,,,,,,,,,,,,,,,,,,,,,,,2.4,,,,,,,,,,,,,,,,,,,,,,,,,,,
1940Q1,,,,,,,,,,,,,,,,,,,,,,,,,,,,,,,,,,2.5,,,,,,,,,,,,,,,,,,,,,,,,,,,
1940Q2,,,,,,,,,,,,,,,,,,,,,,,,,,,,,,,,,,2.7,,,,,,,,,,,,,,,,,,,,,,,,,,,
1940Q3,,,,,,,,,,,,,,,,,,,,,,,,,,,,,,,,,,2.76667,,,,,,,,,,,,,,,,,,,,,,,,,,,
1940Q4,,,,,,,,,,,,,,,,,,,,,,,,,,,,,,,,,,2.93333,,,,,,,,,,,,,,,,,,,,,,,,,,,
1941Q1,,,,,,,,,,,,,,,,,,,,,,,,,,,,,,,,,,3.1,,,,,,,,,,,,,,,,,,,,,,,,,,,
1941Q2,,,,,,,,,,,,,,,,,,,,,,,,,,,,,,,,,,3.16667,,,,,,,,,,,,,,,,,,,,,,,,,,,
1941Q3,,,,,,,,,,,,,,,,,,,,,,,,,,,,,,,,,,3.26667,,,,,,,,,,,,,,,,,,,,,,,,,,,
1941Q4,,,,,,,,,,,,,,,,,,,,,,,,,,,,,,,,,,3.3,,,,,,,,,,,,,,,,,,,,,,,,,,,
1942Q1,,,,,,,,,,,,,,,,,,,,,,,,,,,,,,,,,,3.33333,,,,,,,,,,,,,,,,,,,,,,,,,,,
1942Q2,,,,,,,,,,,,,,,,,,,,,,,,,,,,,,,,,,3.4,,,,,,,,,,,,,,,,,,,,,,,,,,,
1942Q3,,,,,,,,,,,,,,,,,,,,,,,,,,,,,,,,,,3.4,,,,,,,,,,,,,,,,,,,,,,,,,,,
1942Q4,,,,,,,,,,,,,,,,,,,,,,,,,,,,,,,,,,3.4,,,,,,,,,,,,,,,,,,,,,,,,,,,
1943Q1,,,,,,,,,,,,,,,,,,,,,,,,,,,,,,,,,,3.46667,,,,,,,,,,,,,,,,,,,,,,,,,,,
1943Q2,,,,,,,,,,,,,,,,,,,,,,,,,,,,,,,,,,3.5,,,,,,,,,,,,,,,,,,,,,,,,,,,
1943Q3,,,,,,,,,,,,,,,,,,,,,,,,,,,,,,,,,,3.5,,,,,,,,,,,,,,,,,,,,,,,,,,,
1943Q4,,,,,,,,,,,,,,,,,,,,,,,,,,,,,,,,,,3.5,,,,,,,,,,,,,,,,,,,,,,,,,,,
1944Q1,,,,,,,,,,,,,,,,,,,,,,,,,,,,,,,,,,3.5,,,,,,,,,,,,,,,,,,,,,,,,,,,
1944Q2,,,,,,,,,,,,,,,,,,,,,,,,,,,,,,,,,,3.5,,,,,,,,,,,,,,,,,,,,,,,,,,,
1944Q3,,,,,,,,,,,,,,,,,,,,,,,,,,,,,,,,,,3.5,,,,,,,,,,,,,,,,,,,,,,,,,,,
1944Q4,,,,,,,,,,,,,,,,,,,,,,,,,,,,,,,,,,3.5,,,,,,,,,,,,,,,,,,,,,,,,,,,
1945Q1,,,,,,,,,,,,,,,,,,,,,,,,,,,,,,,,,,3.5,,,,,,,,,,,,,,,,,,,,,,,,,,,
1945Q2,,,,,,,,,,,,,,,,,,,,,,,,,,,,,,,,,,3.6,,,,,,,,,,,,,,,,,,,,,,,,,,,
1945Q3,,,,,,,,,,,,,,,,,,,,,,,,,,,,,,,,,,3.6,,,,,,,,,,,,,,,,,,,,,,,,,,,
1945Q4,,,,,,,,,,,,,,,,,,,,,,,,,,,,,,,,,,3.6,,,,,,,,,,,,,,,,,,,,,,,,,,,
1946Q1,,,,,,,,,,,,,,,,,,,,,,,,,,,,,,,,,,3.6,,,,,,,,,,,,,,,,,,,,,,,,,,,
1946Q2,,,,,,,,,,,,,,,,,,,,,,,,,,,,,,,,,,3.6,,,,,,,,,,,,,,,,,,,,,,,,,,,
1946Q3,,,,,,,,,,,,,,,,,,,,,,,,,,,,,,,,,,3.7,,,,,,,,,,,,,,,,,,,,,,,,,,,
1946Q4,,,,,,,,,,,,,,,,,,,,,,,,,,,,,,,,,,3.7,,,,,,,,,,,,,,,,,,,,,,,,,,,
1947Q1,,,,,,,,,,,,,,,,,,,,,,,,,,,,,,,,,,3.7,,,,,,,,,,,,,,,,,,,,,,,,,,,
1947Q2,,,,,,,,,,,,,,,,,,,,,,,,,,,,,,,,,,3.7,,,,,,,,,,,,,,,,,,,,,,,,,,,
1947Q3,,,,,,,,,,,,,,,,,,,,,,,,,,,,,,,,,,3.66667,,,,,,,,,,,,,,,,,,,,,,,,,,,
1947Q4,,,,,,,,,,,,,,,,,,,,,,,,,,,,,,,,,,3.6,,,,,,,,,,,,,,,,,,,,,,,,,,,
1948Q1,,,,,,,,,,,,,,,,,,,,,,,,,,,,,,,,,,3.66667,,,,,,,,,,,,,,,,,,,,,,,,,,,
1948Q2,,,,,,,,,,,,,,,,,,,,,,,,,,,,,,,,,,3.7,,,,,,,,,,,,,,,,,,,,,,,,,,,
1948Q3,,,,,,,,,,,,,,,,,,,,,,,,,,,,,,,,,,3.63333,,,,,,,,,,,,,,,,,,,,,,,,,,,
1948Q4,,,,,,,,,,,,,,,,,,,,,,,,,,,,,,,,,,3.6,,,,,,,,,,,,,,,,,,,,,,,,,,,
1949Q1,,,,,,,,,,,,,,,,,,,,,,,,,,,,,,,,,,3.6,,,,,,,,,,,,,,,,,,,,,,,,,,,
1949Q2,,,,,,,,,,,,,,,,,,,,,,,,,,,,,,,,,,3.66667,,,,,,,,,,,,,,,,,,,,,,,,,,,
1949Q3,,,,,,,,,,,,,,,,,,,,,,,,,,,,,,,,,,3.7,,,,,,,,,,,,,,,,,,,,,,,,,,,
1949Q4,,,,,,,,,,,,,,,,,,,,,,,,,,,,,,,,,,3.7,,,,,,,,,,,,,,,,,,,,,,,,,,,
1950Q1,,,,,,,,,,,,,,,,,,,,,,,,,,,,,,,,,,3.7,,,,,,,,,,,,,,,,,,,,,,,,,,,
1950Q2,,,,,,,,,,,,,,,,,,,,,,,,,,,,,,,,,,3.8,,,,,,,,,,,,,,,,,,,,,,,,,,,
1950Q3,,,,,,,,,,,,,,,,,,,,,,,,,,,,,,,,,,3.83333,,,,,,,,,,,,,,,,,,,,,,,,,,,
1950Q4,,,,,,,,,,,,,,,,,,,,,,,,,,,,,,,,,,4.06667,,,,,,,,,,,,,,,,,,,,,,,,,,,
1951Q1,,,,,,,,,,,,,,,,,,,,,,,,,,,,,,,,,,4.2,,,,,,,,,,,,,,,,,,,,,,,,,,,
1951Q2,,,,,,,,,,,,,,,,,,,,,,,,,,,,,,,,,,4.5,,,,,,,,,,,,,,,,,,,,,,,,,,,
1951Q3,,,,,,,,,,,,,,,,,,,,,,,,,,,,,,,,,,4.6,,,,,,,,,,,,,,,,,,,,,,,,,,,
1951Q4,,,,,,,,,,,,,,,,,,,,,,,,,,,,,,,,,,4.63333,,,,,,,,,,,,,,,,,,,,,,,,,,,
1952Q1,,,,,,,,,,,,,,,,,,,,,,,,,,,,,,,,,,4.76667,,,,,,,,,,,,,,,,,,,,,,,,,,,
1952Q2,,,,,,,,,,,,,,,,,,,,,,,,,,,,,,,,,,4.8,,,,,,,,,,,,,,,,,,,,,,,,,,,
1952Q3,,,,,,,,,,,,,,,,,,,,,,,,,,,,,,,,,,4.93333,,,,,,,,,,,,,,,,,,,,,,,,,,,
1952Q4,,,,,,,,,,,,,,,,,,,,,,,,,,,,,,,,,,4.96667,,,,,,,,,,,,,,,,,,,,,,,,,,,
1953Q1,,,,,,,,,,,,,,,,,,,,,,,,,,,,,,,,,,4.9,,,,,,,,,,,,,,,,,,,,,,,,,,,
1953Q2,,,,,,,,,,,,,,,,,,,,,,,,,,,,,,,,,,4.93333,,,,,,,,,,,,,,,,,,,,,,,,,,,
1953Q3,,,,,,,,,,,,,,,,,,,,,,,,,,,,,,,,,,5,,,,,,,,,,,,,,,,,,,,,,,,,,,
1953Q4,,,,,,,,,,,,,,,,,,,,,,,,,,,,,,,,,,5,,,,,,,,,,,,,,,,,,,,,,,,,,,
1954Q1,,,,,,,,,,,,,,,,,,,,,,,,,,,,,,,,,,5.03333,,,,,,,,,,,,,,,,,,,,,,,,,,,
1954Q2,,,,,,,,,,,,,,,,,,,,,,,,,,,,,,,,,,5.1,,,,,,,,,,,,,,,,,,,,,,,,,,,
1954Q3,,,,,,,,,,,,,,,,,,,,,,,,,,,,,,,,,,5.3,,,,,,,,,,,,,,,,,,,,,,,,,,,
1954Q4,,,,,,,,,,,,,,,,,,,,,,,,,,,,,,,,,,5.2,,,,,,,,,,,,,,,,,,,,,,,,,,,
1955Q1,,,,,,,,,,,,,,,,,,,,,,,,,,,,,,,,,,5.2,,,,,,,,,,,,,,,,,,,,,,,,,,,
1955Q2,,,,,,,,,,,,,,,,,,,,,,,,,,,,,,,,,,5.2,,,,,,,,,,,,,,,,,,,,,,,,,,,
1955Q3,,,,,,,,,,,,,,,,,,,,,,,,,,,,,,,,,,5.2,,,,,,,,,,,,,,,,,,,,,,,,,,,
1955Q4,,,,,,,,,,,,,,,,,,,,,,,,,,,,,,,,,,5.2,,,,,,,,,,,,,,,,,,,,,,,,,,,
1956Q1,,,,,,,,,,,,,,,,,,,,,,,,,,,,,,,,,,5.26667,,,,,,,,,,,,,,,,,,,,,,,,,,,
1956Q2,,,,,,,,,,,,,,,,,,,,,,,,,,,,,,,,,,5.46667,,,,,,,,,,,,,,,,,,,,,,,,,,,
1956Q3,,,,,,,,,,,,,,,,,,,,,,,,,,,,,,,,,,5.53333,,,,,,,,,,,,,,,,,,,,,,,,,,,
1956Q4,,,,,,,,,,,,,,,,,,,,,,,,,,,,,,,,,,5.5,,,,,,,,,,,,,,,,,,,,,,,,,,,
1957Q1,,,,,,,,,,,,,,,,,,,,,,,,,,,,,,,,,,5.53333,,,,,,,,,,,,,,,,,,,,,,,,,,,
1957Q2,,,,,,,,,,,,,,,,,,,,,,,,,,,,,,,,,,5.6,,,,,,,,,,,,,,,,,,,,,,,,,,,
1957Q3,,,,,,,,,,,,,,,,,,,,,,,,,,,,,,,,,,5.6,,,,,,,,,,,,,,,,,,,,,,,,,,,
1957Q4,,,,,,,,,,,,,,,,,,,,,,,,,,,,,,,,,,5.6,,,,,,,,,,,,,,,,,,,,,,,,,,,
1958Q1,,,,,,,,,,,,,,,,,,,,,,,,,,,,,,,,,,5.7,,,,,,,,,,,,,,,,,,,,,,,,,,,
1958Q2,,,,,,,,,,,,,,,,,,,,,,,,,,,,,,,,,,5.86667,,,,,,,,,,,,,,,,,,,,,,,,,,,
1958Q3,,,,,,,,,,,,,,,,,,,,,,,,,,,,,,,,,,5.96667,,,,,,,,,,,,,,,,,,,,,,,,,,,
1958Q4,,,,,,,,,,,,,,,,,,,,,,,,,,,,,,,,,,6,,,,,,,,,,,,,,,,,,,,,,,,,,,
1959Q1,,,,,,,,,,,,,,,,,,,,,,,,,,,,,,,,,,5.96667,,,,,,,,,,,,,,,,,,,,,,,,,,,
1959Q2,,,,,,,,,,,,,,,,,,,,,,,,,,,,,,,,,,6,,,,,,,,,,,,,,,,,,,,,,,,,,,
1959Q3,,,,,,,,,,,,,,,,,,,,,,,,,,,,,,,,,,6,,,,,,,,,,,,,,,,,,,,,,,,,,,
1959Q4,,,,,,,,,,,,,,,,,,,,,,,,,,,,,,,,,,6,,,,,,,,,,,,,,,,,,,,,,,,,,,
1960Q1,,,,,,,,,,,,,,,,,,,,,,,,,,,,,,,,,,6,,,,,,,,,,,,,,,,,,,,,,,,,,,
1960Q2,,,,,,,,,,,,,,,,,,,,,,,,,,,,,,,,,,6,,,,,,,,,,,,,,,,,,,,,,,,,,,
1960Q3,,,,,,,,,,,,,,,,,,,,,,,,,,,,,,,,,,6,,,,,,,,,,,,,,,,,,,,,,,,,,,
1960Q4,,,,,,,,,,,,,,,,,,,,,,,,,,,,,,,,,,6,,,,,,,,,,,,,,,,,,,,,,,,,,,
1961Q1,,,,,,,,,,,,,,,,,,,,,,,,,,,,,,,,,,6.03333,,,,,,,,,,,,,,,,,,,,,,,,,,,
1961Q2,,,,,,,,,,,,,,,,,,,,,,,,,,,,,,,,,,6.1,,,,,,,,,,,,,,,,,,,,,,,,,,,
1961Q3,,,,,,,,,,,,,,,,,,,,,,,,,,,,,,,,,,6.16667,,,,,,,,,,,,,,,,,,,,,,,,,,,
1961Q4,,,,,,,,,,,,,,,,,,,,,,,,,,,,,,,,,,6.3,,,,,,,,,,,,,,,,,,,,,,,,,,,
1962Q1,,,,,,,,,,,,,,,,,,,,,,,,,,,,,,,,,,6.33333,,,,,,,,,,,,,,,,,,,,,,,,,,,
1962Q2,,,,,,,,,,,,,,,,,,,,,,,,,,,,,,,,,,6.4,,,,,,,,,,,,,,,,,,,,,,,,,,,
1962Q3,,,,,,,,,,,,,,,,,,,,,,,,,,,,,,,,,,6.53333,,,,,,,,,,,,,,,,,,,,,,,,,,,
1962Q4,,,,,,,,,,,,,,,,,,,,,,,,,,,,,,,,,,6.53333,,,,,,,,,,,,,,,,,,,,,,,,,,,
1963Q1,,,,,,,,,,,,,,,,,,,,,,,,,,,,,,,,,,6.63333,,,,,,,,,,,,,,,,,,,,,,,,,,,
1963Q2,,,,,,,,,,,,,,,,,,,,,,,,,,,,,,,,,,6.63333,,,,,,,,,,,,,,,,,,,,,,,,,,,
1963Q3,,,,,,,,,,,,,,,,,,,,,,,,,,,,,,,,,,6.63333,,,,,,,,,,,,,,,,,,,,,,,,,,,
1963Q4,,,,,,,,,,,,,,,,,,,,,,,,,,,,,,,,,,6.63333,,,,,,,,,,,,,,,,,,,,,,,,,,,
1964Q1,,,,,,,,,,,,,,,,,,,,,,,,,,,,,,,,,,6.9,,,,,,,,,,,,,,,,,,,,,,,,,,,
1964Q2,,,,,,,,,,,,,,,,,,,,,,,,,,,,,,,,,,7,,,,,,,,,,,,,,,,,,,,,,,,,,,
1964Q3,,,,,,,,,,,,,,,,,,,,,,,,,,,,,,,,,,7.13333,,,,,,,,,,,,,,,,,,,,,,,,,,,
1964Q4,,,,,,,,,,,,,,,,,,,,,,,,,,,,,,,,,,7.16667,,,,,,,,,,,,,,,,,,,,,,,,,,,
1965Q1,,,,,,,,,,,,,,,,,,,,,,,,,,,,,,,,,,7.23333,,,,,,,,,,,,,,,,,,,,,,,,,,,
1965Q2,,,,,,,,,,,,,,,,,,,,,,,,,,,,,,,,,,7.3,,,,,,,,,,,,,,,,,,,,,,,,,,,
1965Q3,,,,,,,,,,,,,,,,,,,,,,,,,,,,,,,,,,7.36667,,,,,,,,,,,,,,,,,,,,,,,,,,,
1965Q4,,,,,,,,,,,,,,,,,,,,,,,,,,,,,,,,,,7.36667,,,,,,,,,,,,,,,,,,,,,,,,,,,
1966Q1,,,,,,,,,,,,,,,,,,,,,,,,,,,,,,,,,,7.43333,,,,,,,,,,,,,,,,,,,,,,,,,,,
1966Q2,,,,,,,,,,,,,,,,,,,,,,,,,,,,,,,,,,7.5,,,,,,,,,,,,,,,,,,,,,,,,,,,
1966Q3,,,,,,,,,,,,,,,,,,,,,,,,,,,,,,,,,,7.6,,,,,,,,,,,,,,,,,,,,,,,,,,,
1966Q4,,,,,,,,,,,,,,,,,,,,,,,,,,,,,,,,,,7.7,,,,,,,,,,,,,,,,,,,,,,,,,,,
1967Q1,,,,,,,,,,,,,,,,,,,,,,,,,,,,,,,,,,7.73333,,,,,,,,,,,,,,,,,,,,,,,,,,,
1967Q2,,,,,,,,,,,,,,,,,,,,,,,,,,,,,,,,,,7.83333,,,,,,,,,,,,,,,,,,,,,,,,,,,
1967Q3,,,,,,,,,,,,,,,,,,,,,,,,,,,,,,,,,,8,,,,,,,,,,,,,,,,,,,,,,,,,,,
1967Q4,,,,,,,,,,,,,,,,,,,,,,,,,,,,,,,,,,8,,,,,,,,,,,,,,,,,,,,,,,,,,,
1968Q1,,,,,,,,,,,,,,,,,,,,,,,,,,,,,,,,,,8.1,,,,,,,,,,,,,,,,,,,,,,,,,,,
1968Q2,,,,,,,,,,,,,,,,,,,,,,,,,,,,,,,,,,8.1,,,,,,,,,,,,,,,,,,,,,,,,,,,
1968Q3,,,,,,,,,,,,,,,,,,,,,,,,,,,,,,,,,,8.2,,,,,,,,,,,,,,,,,,,,,,,,,,,
1968Q4,,,,,,,,,,,,,,,,,,,,,,,,,,,,,,,,,,8.3,,,,,,,,,,,,,,,,,,,,,,,,,,,
1969Q1,,,,,,,,,,,,,,,,,,,,,,,,,,,,,,,,,,8.3,,,,,,,,,,,,,,,,,,,,,,,,,,,
1969Q2,,,,,,,,,,,,,,,,,,,,,,,,,,,,,,,,,,8.4,,,,,,,,,,,,,,,,,,,,,,,,,,,
1969Q3,,,,,,,,,,,,,,,,,,,,,,,,,,,,,,,,,,8.46667,,,,,,,,,,,,,,,,,,,,,,,,,,,
1969Q4,,,,,,,,,,,,,,,,,,,,,,,,,,,,,,,,,,8.5,,,,,,,,,,,,,,,,,,,,,,,,,,,
1970Q1,,,,,,,,,,,,,,,,,,,,,,,,,,,,,,,,,,9.06667,,,,,,,,,,,,,,,,,,,,,,,,,,,
1970Q2,,,,,,,,,,,,,,,,,,,,,,,,,,,,,,,,,,9.2,,,,,,,,,,,,,,,,,,,,,,,,,,,
1970Q3,,,,,,,,,,,,,,,,,,,,,,,,,,,,,,,,,,9.43333,,,,,,,,,,,,,,,,,,,,,,,,,,,
1970Q4,,,,,,,,,,,,,,,,,,,,,,,,,,,,,,,,,,9.6,,,,,,,,,,,,,,,,,,,,,,,,,,,
1971Q1,,,,,,,,,,,,,,,,,,,,,,,,,,,,,,,,,,9.73333,,,,,,,,,,,,,,,,,,,,,,,,,,,
1971Q2,,,,,,,,,,,,,,,,,,,,,,,,,,,,,,,,,,9.83333,,,,,,,,,,,,,,,,,,,,,,,,,,,
1971Q3,,,,,,,,,,,,,,,,,,,,,,,,,,,,,,,,,,9.93333,,,,,,,,,,,,,,,,,,,,,,,,,,,
1971Q4,,,,,,,,,,,,,,,,,,,,,,,,,,,,,,,,,,10.1333,,,,,,,,,,,,,,,,,,,,,,,,,,,
1972Q1,,,,,,,,,,,,,,,,,,,,,,,,,,,,,,,,,,10.3333,,,,,,,,,,,,,,,,,,,,,,,,,,,
1972Q2,,,,,,,,,,,,,,,,,,,,,,,,,,,,,,,,,,10.5333,,,,,,,,,,,,,,,,,,,,,,,,,,,
1972Q3,,,,,,,,,,,,,,,,,,,,,,,,,,,,,,,,,,10.7333,,,,,,,,,,,,,,,,,,,,,,,,,,,
1972Q4,,,,,,,,,,,,,,,,,,,,,,,,,,,,,,,,,,10.8667,,,,,,,,,,,,,,,,,,,,,,,,,,,
1973Q1,,,,,,,,,,,,,,,,,,,,,,,,,,,,,,,,,,11.1,,,,,,,,,,,,,,,,,,,,,,,,,,,
1973Q2,,,,,,,,,,,,,,,,,,,,,,,,,,,,,,,,,,11.3333,,,,,,,,,,,,,,,,,,,,,,,,,,,
1973Q3,,,,,,,,,,,,,,,,,,,,,,,,,,,,,,,,,,11.4667,,,,,,,,,,,,,,,,,,,,,,,,,,,
1973Q4,,,,,,,,,,,,,,,,,,,,,,,,,,,,,,,,,,11.7,,,,,,,,,,,,,,,,,,,,,,,,,,,
1974Q1,,,,,,,,,,,,,,,,,,,,,,,,,,,,,,,,,,12.1,,,,,,,,,,,,,,,,,,,,,,,,,,,
1974Q2,,,,,,,,,,,,,,,,,,,,,,,,,,,,,,,,,,12.3333,,,,,,,,,,,,,,,,,,,,,,,,,,,
1974Q3,,,,,,,,,,,,,,,,,,,,,,,,,,,,,,,,,,12.6,,,,,,,,,,,,,,,,,,,,,,,,,,,
1974Q4,,,,,,,,,,,,,,,,,,,,,,,,,,,,,,,,,,12.9,,,,,,,,,,,,,,,,,,,,,,,,,,,
1975Q1,,,,,,,,,,,,,,,,,,,,,,,,,,,,,,,,,,13.4667,,,,,,,,,,,,,,,,,,,,,,,,,,,
1975Q2,,,,,,,,,,,,,,,,,,,,,,,,,,,,,,,,,,13.7333,,,,,,,,,,,,,,,,,,,,,,,,,,,
1975Q3,,,,,,,,,,,,,,,,,,,,,,,,,,,,,,,,,,14.1667,,,,,,,,,,,,,,,,,,,,,,,,,,,
1975Q4,,,,,,,,,,,,,,,,,,,,,,,,,,,,,,,,,,14.3667,,,,,,,,,,,,,,,,,,,,,,,,,,,
1976Q1,,,,,,,,,,,,,,,,,,,,,,,,,,,,,,,,,,14.7333,,,,,,,,,,,,,,,,,,,,,,,,,,,
1976Q2,,,,,,,,,,,,,,,,,,,,,,,,,,,,,,,,,,15.1333,,,,,,,,,,,,,,,,,,,,,,,,,,,
1976Q3,,,,,,,,,,,,,,,,,,,,,,,,,,,,,,,,,,15.4333,,,,,,,,,,,,,,,,,,,,,,,,,,,
1976Q4,,,,,,,,,,,,,,,,,,,,,,,,,,,,,,,,,,15.5333,,,,,,,,,,,,,,,,,,,,,,,,,,,
1977Q1,,,,,,,,,,,,,,,,,,,,,,,,,,,,,,,,,,16.0333,,,,,,,,,,,,,,,,,,,,,,,,,,,
1977Q2,,,,,,,,,,,,,,,,,,,,,,,,,,,,,,,,,,16.5,,,,,,,,,,,,,,,,,,,,,,,,,,,
1977Q3,,,,,,,,,,,,,,,,,,,,,,,,,,,,,,,,,,16.8333,,,,,,,,,,,,,,,,,,,,,,,,,,,
1977Q4,,,,,,,,,,,,,,,,,,,,,,,,,,,,,,,,,,17,,,,,,,,,,,,,,,,,,,,,,,,,,,
1978Q1,,,,,,,,,,,,,,,,,,,20.7333,,,,,,,,,,,,,,,17.5,,,,,,,,,,,,,,,,,,,,,,,,,,,
1978Q2,,,,,,,,,,,,,,,,,,,20.9,,,,,,,,,,,,,,,17.7333,,,,,,,,,,,,,,,,,,,,,,,,,,,
1978Q3,,,,,,,,,,,,,,,,,,,21,,,,,,,,,,,,,,,18.1667,,,,,,,,,,,,,,,,,,,,,,,,,,,
1978Q4,,,,,,,,,,,,,,,,,,,21.1,,,,,,,,,,,,,,,18.3667,,,,,,,,,,,,,,,,,,,,,,,,,,,
1979Q1,,,,,,,,,,,,,,,,,,,21.2333,,,,,,,,,,,,,,,18.4333,,,,,,,,,,,,,,,,,,,,,,,,,,,
1979Q2,,,,,,,,,,,,,,,,,,,21.3333,,,,,,,,,,,,,,,18.7,,,,,,,,,,,,,,,,,,,,,,,,,,,
1979Q3,,,,,,,,,,,,,,,,,,,21.4667,,,,,,,,,,,,,,,18.9333,,,,,,,,,,,,,,,,,,,,,,,,,,,
1979Q4,,,,,,,,,,,,,,,,,,,21.9,,,,,,,,,,,,,,,19.2,,,,,,,,,,,,,,,,,,,,,,,,,,,
1980Q1,,,,,,,,,,,,,,,,,,,22.3,,,,,,,,,,,,,,,19.9,,,,,,,,,,,,,,,,,,,,,,,,,,,
1980Q2,,,,,,,,,,,,,,,,,,,23.1667,,,,,,,,,,,,,,,20.5333,,,,,,,,,,,,,,,,,,,,,,,,,,,
1980Q3,,,,,,,,,,,,,,,,,,,23.8333,,,,,,,,,,,,,,,21.2,,,,,,,,,,,,,,,,,,,,,,,,,,,
1980Q4,,,,,,,,,,,,,,,,,,,24.3333,,,,,,,,,,,,,,,21.7333,,,,,,,,,,,,,,,,,,,,,,,,,,,
1981Q1,,,,,,,,,,,,,,,,,,,24.7667,,,,,,,,,,,,,,,22.7667,,,,,,,,,,,,,,,,,,,,,,,,,,,
1981Q2,,,,,,,,,,,,,,,,,,,25.5333,,,,,,,,,,,,,,,23.4667,,,,,,,,,,,,,,,,,,,,,,,,,,,
1981Q3,,,,,,,,,,,,,,,,,,,26,,,,,,,,,,,,,,,24.1,,,,,,,,,,,,,,,,,,,,,,,,,,,
1981Q4,,,,,,,,,,,,,,,,,,,26.3,,,,,,,,,,,,,,,24.4,,,,,,,,,,,,,,,,,,,,,,,,,,,
1982Q1,,,,,,,,,,,,,,,,,,,26.9333,,,,,,,,,,,,,,,25.4667,,,,,,,,,,,,,,,,,,,,,,,,,,,
1982Q2,,,,,,,,,,,,,,,,,,,27.7667,,,,,,,,,,,,,,,26.0667,,,,,,,,,,,,,,,,,,,,,,,,,,,
1982Q3,,,,,,,,,,,,,,,,,,,28.0333,,,,,,,,,,,,,,,26.7667,,,,,,,,,,,,,,,,,,,,,,,,,,,
1982Q4,,,,,,,,,,,,,,,,,,,28.5,,,,,,,,,,,,,,,27.2667,,,,,,,,,,,,,,,,,,,,,,,,,,,
1983Q1,,,,,,,,,,,,,,,,,,,28.9,,,,,,,,,,,,,,,27.9667,,,,,,,,,,,,,,,,,,,,,,,,,,,
1983Q2,,,,,,,,,,,,,,,,,,,29.2333,,,,,,,,,,,,,,,28.4333,,,,,,,,,,,,,,,,,,,,,,,,,,,
1983Q3,,,,,,,,,,,,,,,,,,,29.7,,,,,,,,,,,,,,,28.8333,,,,,,,,,,,,,,,,,,,,,,,,,,,
1983Q4,,,,,,,,,,,,,,,,,,,30,,,,,,,,,,,,,,,29.2,,,,,,,,,,,,,,,,,,,,,,,,,,,
1984Q1,,,,,,,,,,,,,,,,,,,30.3333,,,,,,,,,,,,,,,29.8,,,,,,,,,,,,,,,,,,,,,,,,,,,
1984Q2,,,,,,,,,,,,,,,,,,,30.8,,,,,,,,,,,,,,,30.2667,,,,,,,,,,,,,,,,,,,,,,,,,,,
1984Q3,,,,,,,,,,,,,,,,,,,31.1,,,,,,,,,,,,,,,30.5667,,,,,,,,,,,,,,,,,,,,,,,,,,,
1984Q4,,,,,,,,,,,,,,,,,,,31.3667,,,,,,,,,,,,,,,30.9333,,,,,,,,,,,,,,,,,,,,,,,,,,,
1985Q1,,,,,,,,,,,,,,,,,,,31.7333,,,,,,,,,,,,,,,31.4667,,,,,,,,,,,,,,,,,,,,,,,,,,,
1985Q2,,,,,,,,,,,,,,,,,,,32.1667,,,,,,,,,,,,,,,31.9667,,,,,,,,,,,,,,,,,,,,,,,,,,,
1985Q3,,,,,,,,,,,,,,,,,,,32.6333,,,,,,,,,,,,,,,32.3333,,,,,,,,,,,,,,,,,,,,,,,,,,,
1985Q4,,,,,,,,,,,,,,,,,,,32.9667,,,,,,,,,,,,,,,32.7,,,,,,,,,,,,,,,,,,,,,,,,,,,
1986Q1,,,,,,,,,,,,,,,,,,,33.4667,,,,,,,,,,,,,,,33.3,,,,,,,,,,,,,,,,,,,,,,,,,,,
1986Q2,,,,,,,,,,,,,,,,,,,34.3333,,,,,,,,,,,,,,,33.9,,,,,,,,,,,,,,,,,,,,,,,,,,,
1986Q3,,,,,,,,,,,,,,,,,,,35.2667,,,,,,,,,,,,,,,34.9333,,,,,,,,,,,,,,,,,,,,,,,,,,,
1986Q4,,,,,,,,,,,,,,,,,,,35.8333,,,,,,,,,,,,,,,35.5333,,,,,,,,,,,,,,,,,,,,,,,,,,,
1987Q1,,,,,,,,,,,,,,,,,,,37.7,,,,,,,,,,,,,,,36.6333,,,,,,,,,,,,,,,,,,,,,,,,,,,
1987Q2,,,,,,,,,,,,,,,,,,,38.3333,,,,,,,,,,,,,,,37.2333,,,,,,,,,,,18.7202,,,,,,,,,,,,,,,,
1987Q3,,,,,,,,,,,,,,,,,,,38.9333,,,,,,,,,,,,,,,37.7,,,,,,,,,,,19.0497,,,,,,,,,,,,,,,,
1987Q4,,,,,,,,,,,,,,,,,,,39.8,,,,,,,,,,,,,442379,,38.2333,,,,,,,,,,,17.8905,,,,,,,,,,,,,,,,
1988Q1,,,,,,,,,,,,,,,,,,,41.0667,,,,,,,,,,,,,451915,,39.1667,,,,,,,,,,,15.7387,,,,,,,,,,,,,,,,
1988Q2,,,,,,,,,,,,,,,,,,,42,,,,,,,,,,,,,463230,,39.8333,,,,,,,,,,,16.151,,,,,,,,,,,,,,,,
1988Q3,,,,,,,,,,,,,,,,,,,42.5,,,,,,,,,,,,,472105,,40.1667,,,,,,,,,,,14.3138,,,,,,,,,,,,,,,,
1988Q4,,,,,,,,,,,,,,,,,,,42.9333,,,,,,,,,,,,,481288,9.3,40.5,,,,,,,,,,,13.5633,,,,,,,,,,,,,,,,
1989Q1,,,,,,,,,,,,,,,,,,,43.2333,,,,,,,,,,,,,485968,7.5,41.0333,,,,,,,,,,,17.5933,,,,,,,,,,,,,,,,
1989Q2,,,,,,,,,,,,,,,,,,,44.0333,,,,,,,,,,,,,491158,6,41.7333,,,,,,,,,,,18.8515,,,,,,,,,,,,,,,,
1989Q3,,,,,,,,,,,,,,,,,,,44.1333,,,,,,,,,,,,,498444,5.56667,42,,,,,,,,,,,17.3863,,,,,,,,,,,,,,,,
1989Q4,,,,,,,,,,,,,,,,,,,44.2,,,,,,,,,,,,,497586,5.73333,42.2667,,,,,,,,,,,19.158,,,,,,,,,,,,,,,,
1990Q1,,,,,,,,,,,,,,,,,,,44.7333,,,,,,,,,,,,,480182,6.26667,42.8,,,,,,,,,,,19.8208,,,,,,,,,,,,,,,,
1990Q2,,,,,,,,,,,,,,,,,,,45.4,,,,,,,,,,,,,485289,6.26667,43.3,,,,,,,,,,,16.023,,,,,,,,,,,,,,,,
1990Q3,,,,,,,,,,,,,,,,,,,45.5333,,,,,,,,,,,,,489355,5.56667,43.5667,,,,,,,,,,,26.4118,,,,,,,,,,,,,,,,
1990Q4,,,,,,,,,,,,,,,,,,,45.7,,,,,,,,,,,,,494341,4.43333,44.1667,,,,,,,,,,,32.4545,,,,,,,,,,,,,,,,
1991Q1,,,,,,,,,,,,,,,,,,,46.2,,,,,,,,,,,,,500899,4.43333,44.4667,,,,,,,,,,,20.7283,,,,,,8.5,,,,,,,,,,
1991Q2,,,,,,,,,,,,,,,,,,,46.9,,,,,,,,,,,,,501343,3.13333,44.9333,,,,,,,,,,,18.8448,,,,,,8.22488,,,,,,,,,,
1991Q3,,,,,,,,,,,,,,,,,,,47.0667,,,,,,,,,,,,,500304,2.03333,45.1,,,,,,,,,,,19.896,,,,,,8.06349,,,,,,,,,,
1991Q4,,,,,,,,,,,,,,,,,,,47.1,,,,,,,,,,,,,497368,0.5,45.3,,,,,,,,,,,20.5463,,,,,,8.5,,,,,,,,,,
1992Q1,,,,,,,,,0,,18.8,,13.5,,0,,0,,47.1,,,,,,,,,,,,,496301,-1,45.5333,,,,,,,,,,,17.944,,,,,,9.90909,0,,29.9788,,21.5274,,0,,0,
1992Q2,,,,,,,,,0,,18.9,,13.7,,0,,0,,47.1,,,,,,,,,,,,,492669,-1.56667,46.0333,,,,,,,,,,,19.9946,,,,,,9,0,,29.811,,21.609,,0,,0,
1992Q3,,,,,,,,,0,,19,,13.8,,0,,0,,47.2,,,,,,,,,,,,,486986,-2.36667,46.1333,,,,,,,,,,,20.0796,,,,,,9.54545,0,,29.9037,,21.7195,,0,,0,
1992Q4,,,,,,,,,0,,18.5,,13.2,,0,,0,,47.2667,,,,,,,,,,,,,486430,-2.23333,46.3333,,,,,,,,,,,19.1986,,,,,,9.66089,0,,28.9911,,20.6855,,0,,0,
1993Q1,,,,,,,,,0,,17.8,,12.8,,0,,0,,47.1667,,,,,,,,,,,,,484534,-2.53333,46.7,,,,,,,,,,,18.2091,,,,,,8.47572,0,,27.6751,,19.9012,,0,,0,
1993Q2,,,,,,,,,0,,18.7,,13.5,,0,,0,,47.4,,,,,,,,,,,,,477715,-3.26667,47.1667,,,,,,,,,,,18.2818,,,,,,6.84848,0,,28.7868,,20.7819,,0,,0,
1993Q3,,,,,,,,,0,,19.4,,14.4,,0,,0,,47.4,,,,,,,,,,,,,478413,-2.3,47.1,,,,,,,,,,,16.464,,,,,,5.67424,0,,29.9066,,22.1987,,0,,0,
1993Q4,,,,,,,,,0,,20,,15.8,,0,,0,,47.5,,,,,,,,,,,,,481465,-1.23333,47.2333,,,,,,,,,,,15.159,,,,,,5.02853,0,,30.7445,,24.2882,,0,,0,
1994Q1,,,,,,,,,0,,20.6,,16.2,,0,,0,,47.6,,,,,,,,,,,,,486194,0.133333,47.3,,,,,,,,,,,13.9449,,,,,,4.85833,0,,31.6222,,24.868,,0,,0,
1994Q2,,,,,,,,,0,,21.2,,17,,0,,0,,48.5,,,,,,,,,,,,,501620,2.56667,47.6,,,,,,,,,,,16.1194,,,,,,4.75,0,,32.3382,,25.9315,,0,,0,
1994Q3,,,,,,,,,0,,22.1,,17.4,,0,,0,,49.6333,,,,,,,,,,,,,529657,3.93333,47.8667,,,,,,,,,,,16.8674,,,,,,4.75,0,,33.5232,,26.3938,,0,,0,
1994Q4,,,,,,,,,0,,22,,17,,0,,0,,50.2333,,,,,,,,,,,,,533447,4.23333,48.1,,,,,,,,,,,16.5528,,,,,,4.75,0,,33.2096,,25.662,,0,,0,
1995Q1,,,,,,,,,0,,22.1,,17,,0,,0,,50.8667,,,,,,,,,,,,,533955,3.26667,48.5333,,,,,,,,,,,17.0956,,,,,,4.75,0,,33.0627,,25.4329,,0,,0,
1995Q2,,,,,,,,,0,,23,,17.6,,0,,0,,51.5,,,,,,,,,,,,,539881,3.5,48.9,,,,,,,,,,,18.2416,,,,,,4.75,0,,34.1512,,26.1331,,0,,0,
1995Q3,,,,,,,,,0,,23.4,,18.2,,0,,0,,51.5,,,,,,,,,,,,,545983,3.26667,49,,,,,,,,,,,16.2169,,,,,,4.75,0,,34.6742,,26.9688,,0,,0,
1995Q4,,,,,,,,,0,,23.7,,18.4,,0,,0,,51.5,,,,,,,,,,,,,552705,3.7,49.1,,,,,,,,,,,17.0315,,,,,,4.75,0,,35.0472,,27.2096,,0,,0,
1996Q1,,,,,,,,,0,,23.9,,18.8,,0,,0,,51.6,,,,,,,,,,,,,558984,4.23333,48.9667,,,,,,,,,,,18.6586,,,,,,4.68651,0,,35.4392,,27.8769,,0,,0,
1996Q2,,,,,,,,,0,,25,,20.2,,0,,0,,51.9333,,,,,,,,,,,,,566252,4.53333,49.3667,,,,,,,,,,,19.5208,,,,,,4.5,0,,36.7699,,29.7101,,0,,0,
1996Q3,,,,,,,,,0,,25.5,,20.5,,0,,0,,52,,,,,,,,,,,,,574002,4.83333,49.6667,,,,,,,,,,,20.8807,,,,,,4.5,0,,37.2788,,29.9692,,0,,0,
1996Q4,,,,,,,,,0,,26.1,,21.5,,0,,0,,52.1333,,,,,,,,,,,,,581780,5.1,50,,,,,,,,,,,23.6463,,,,,,4.19048,0,,37.9016,,31.2216,,0,,0,
1997Q1,,,,,,,,,0,,26.5,,22.7,,0,,0,,52.4333,,,,,,,,,,,,,592573,5.83333,50.4667,,,,,,,,,,,21.1266,,,,,,3.31061,0,,38.1266,,32.6594,,0,,0,
1997Q2,,,,,,,,,0,,28.4,,24.1,,0,,0,,52.9333,,,,,,,,,,,,,604330,6.63333,50.7,,,,,,,,,,,18.1099,,,,,,3.25,0,,40.6721,,34.514,,0,,0,
1997Q3,,,,,,,,,0,,28.6,,24.2,,0,,0,,53.1333,,,,,,,,,,,,,613996,6.9,50.7667,,,,,,,,,,,18.3819,,,,,,3.46014,0,,40.9048,,34.6117,,0,,0,
1997Q4,,,99538,225388,4.41845e+06,500037,106788,145594,0,,29,,25.1,,0,,0,,53.3,,,,,,,,,,,,,625556,7.4,51.1,78,26,3066,93,156,-85,,,,,18.8243,,,,,,3.5,0,,41.2063,,35.6648,,0,,0,
1998Q1,,,99995,225933,4.42328e+06,501234,107230,145895,0,,30.2,,27.5,,0,,0,,53.6,,,,,,,,,,,,,637366,7.3,51.5667,236,227,3154,1208,181,-23,,,,,14.1618,,,,,,3.53409,0,,42.523,,38.7213,,0,,0,
1998Q2,,,100347,226180,4.4314e+06,501994,107443,146252,0,,32.1,,28.8,,0,,0,,54.5,,,,,,,,,,,,,651110,7.7,51.8333,186,-25,3601,-244,-36,79,,,,,13.3786,,,,,,3.96846,0,,44.9658,,40.3432,,0,,0,
1998Q3,,,100686,226860,4.44085e+06,502267,107758,146923,0,,31.8,,28.2,,0,,0,,54.6667,,,,,,,,,,,,,662731,7.96667,52,155,255,4299,-558,57,336,,,,,12.4587,,,,,,6.3354,0,,44.4028,,39.3761,,0,,0,
1998Q4,,,100828,227297,4.44846e+06,502392,108086,147150,0,,30.9,,27.3,,0,,0,,55.3,,,,,,,,,,,,,668497,6.83333,52.2667,79,206,3022,-543,170,131,,,,,11.1708,,,,,,8,0,,42.926,,37.9249,,0,,0,
1999Q1,,,101115,227730,4.4512e+06,504132,108290,147677,0,,32.1,,29.5,,0,,0,,55.5667,,,,,,,,,,,,,679059,6.5,52.7333,188,237,4237,1043,76,324,,,,,11.3652,8.60241,,,,,7.49783,0,,44.1984,,40.6184,,0,,0,
1999Q2,,,101305,228273,4.45956e+06,505142,108466,147954,0,,34.7,,32.4,,0,,0,,55.7667,,,,,,,,,,,,,689299,5.83333,53.1,7,183,3337,54,-73,11,,,,,15.5448,8.23948,,,,,6.54705,0,,47.4484,,44.3034,,0,,0,
1999Q3,,,101533,229188,4.4736e+06,506341,108700,148697,0,,35.4,,33.4,,0,,0,,55.9333,,,,,,,,,,,,,704060,6.26667,53.0333,124,605,8898,175,30,494,,,,,20.7641,8.22274,,,,,5.95455,0,,48.4664,,45.7282,,0,,0,
1999Q4,,,101558,229513,4.47872e+06,506942,108890,148795,0,,36.7,,34.7,,0,,0,,56.5,,,,,,,,,,,,,721441,7.86667,53.6667,-45,138,3467,-285,50,17,,,,,24.0525,8.19196,,,,,5.5,0,,49.6533,,46.9474,,0,,0,
2000Q1,,,101648,230036,4.48458e+06,508820,108754,149376,0,,38.9,,38.5,,0,,0,,57.3,40,247,5358,185,87,113,115,292,6088,464,429,91,741574,9.13333,54.2667,5,364,3589,905,-210,318,,,,,27.0221,8.11053,,,,,5.5,0,,52.0479,,51.5127,,0,,0,
2000Q2,,,101479,230232,4.49297e+06,508826,108795,149435,0,,41.5,,40.3,,0,,0,,57.6667,40,176,3658,231,90,80,85,159,4362,298,62,81,762661,10.4333,54.6667,-345,-93,3531,-760,-167,-149,,,,,26.6885,8.19931,,,,,5.81078,0,,55.1204,,53.5265,,0,,0,
2000Q3,,,101426,230628,4.50081e+06,509029,108946,149998,0,,40.3,,38.8,,0,,0,,58.3333,105,192,4486,172,84,170,153,214,6044,368,99,128,782419,10.8,54.8667,-228,39,2618,-527,-97,272,,,,,30.8195,8.0996,,,,,6.56039,0,,53.3314,,51.3464,,0,,0,
2000Q4,,,101349,230993,4.50336e+06,508686,108834,150169,0,,40.3,,37.9,,0,,0,,59.1667,85,238,5907,471,193,131,73,224,6952,343,318,398,801125,10.6667,55.3333,-165,124,124,-920,-229,4,,,,,29.8481,8.0439,,,,,7,0,,52.8816,,49.7323,,0,,0,
2001Q1,,,101368,231666,4.50785e+06,510873,108912,150540,0,,41.7,,40.6,,0,,0,,60.3333,64,316,6956,150,99,175,229,461,6904,586,81,268,823330,10.5333,56.1667,-112,451,1559,1718,-83,133,,,,,25.6675,8.2027,,,,,7,0,,53.9068,,52.4848,,0,,0,
2001Q2,,,101299,231994,4.51296e+06,511790,109132,150798,0,,43.5,,41.7,,0,,0,,60.6333,32,155,4468,103,79,26,42,134,5594,533,180,127,846050,10.6333,56.8333,-213,97,1051,141,-17,20,,,,,27.3016,8.01575,,,,,7,0,,55.5741,,53.2745,,0,,0,
2001Q3,,,101329,232825,4.5194e+06,512932,109556,151104,0,,43.5,,42.1,,0,,0,,61.0667,51,163,5889,222,267,113,177,159,6440,944,33,281,868813,10.9333,56.2333,-124,514,2481,475,241,53,,,,,24.7959,8.00838,,,,,7,0,,56.1671,,54.3594,,0,,0,
2001Q4,,,101442,233308,4.52386e+06,512718,109745,151396,0,,43.4,,41.6,,0,,0,,61.5667,174,337,6089,348,290,156,44,538,6393,739,350,141,893942,11.3667,56.4333,51,304,2813,-670,52,150,,,,,19.2934,7.97049,,,,,6.90351,0,,55.8394,,53.5234,,0,,0,
2002Q1,,,101769,233892,4.5304e+06,514541,110062,151973,0,,44.8,,43.8,,0,,0,,62.2667,92,203,5837,532,190,299,204,319,5945,522,284,319,916555,11.2333,56.7333,158,388,4398,1543,233,412,,,,8.16,21.1516,7.80839,,,,,6.5,0,,57.3358,,56.056,,0,,0,
2002Q2,,,102103,234348,4.53842e+06,515425,110383,152166,0,,46.4,,45.2,,0,,0,,62.7,62,213,4470,143,136,213,167,128,5049,455,513,149,940900,11.4,57.1,188,168,4261,100,135,-65,,,,8.13,25.0944,7.51387,,,,,6.5,0,,59.0022,,57.4763,,0,,0,
2002Q3,,,102208,235007,4.5473e+06,516467,110691,152446,0,,44.9,,44.3,,0,,0,,63.2,195,190,5019,392,294,345,126,201,5565,681,145,370,965277,11.3667,57.0667,-51,336,4833,229,134,90,,,,8.61,26.8384,7.39843,,,,,6.97826,0,,57.1282,,56.3648,,0,,0,
2002Q4,,,102492,235450,4.552e+06,517401,110993,152668,0,,44.6,,43,,0,,0,,63.6667,71,155,6021,339,147,536,93,178,6137,305,245,448,986120,10.7,57.7,176,279,3704,458,181,117,,,,8.58,26.8347,7.31829,,,,,6.9,0,,56.1236,,54.1102,,0,,0,
2003Q1,,,102567,236014,4.558e+06,518902,111339,153171,0,,45.6,,43.3,,0,,0,,64.5667,160,226,5576,418,159,250,117,168,5937,616,305,187,1.01042e+06,10.6333,59.3667,-39,366,3484,941,135,311,,,,7.6,31.5214,7.57391,,,,,5.97078,0,,55.771,,52.958,,0,,0,
2003Q2,,,102744,236277,4.56511e+06,519553,111530,153481,0,,45.9,,42.8,,0,,0,,64.7,75,291,4696,550,163,307,66,169,5026,345,126,424,1.03418e+06,10.0667,58.3333,-21,-47,2633,-247,19,98,,,,6.75,26.2998,7.95495,,,,,5.11667,0,,57.1324,,53.2738,,0,,0,
2003Q3,,,102948,237062,4.57292e+06,521193,112003,154082,0,,45.8,,43.8,,0,,0,,64.8667,100,53,4623,412,392,306,32,51,5416,787,43,385,1.06253e+06,9.96667,58.1667,44,463,3025,643,248,327,,,,5.13,28.4662,8.24673,,,,,3.39214,0,,57.1713,,54.6747,,0,,0,
2003Q4,,,103247,237472,4.57721e+06,521892,112378,154377,0,,46.4,,44.5,,0,,0,,65.2333,120,472,6437,170,524,561,41,558,6565,814,351,358,1.09262e+06,10.7333,58.4667,164,154,2105,-29,220,188,,,,4.67,29.3938,8.22204,,,,,2.47368,0,,57.623,,55.2635,,0,,0,
2004Q1,,,103629,238002,4.58256e+06,523488,112819,154900,0,,49.8,,46.6,,0,,0,,65.8667,273,216,5617,287,214,65,286,194,5865,720,207,267,1.12167e+06,10.8667,58.5333,212,259,1967,799,233,358,,,,4.3,32.0141,8.63611,,,,,2.02467,0,,61.775,,57.8055,,0,,0,
2004Q2,,,103967,238459,4.58961e+06,524888,113133,155010,0,,50.6,,47.5,,0,,0,,66.5667,42,204,5534,678,212,418,35,228,8044,2379,225,688,1.15403e+06,11.5667,58.8667,164,79,2371,375,63,-167,,,,4.1,35.3881,8.26003,,,,,1.75,0,,62.4119,,58.5883,,0,,0,
2004Q3,,,104331,239151,4.5992e+06,527378,113619,155686,0,,50.7,,48.7,,0,,0,,67.1,29,321,5607,1901,144,63,49,411,7008,1534,126,304,1.18314e+06,11.4,58.8333,188,324,4634,1480,294,401,,,,4.1,41.5833,8.38898,,,,,1.75,0,,62.5707,,60.1024,,0,,0,
2004Q4,,,104706,239271,4.606e+06,529407,114001,156152,0,,51.3,,49.3,,0,,0,,67.5667,15,386,6788,708,237,415,62,464,8913,1288,165,735,1.21332e+06,11.2,59.1667,244,-94,4250,1180,218,292,,,,4.01,44.1733,8.19805,,,,,1.75,0,,62.9545,,60.5001,,0,,0,
2005Q1,,,104896,239950,4.61266e+06,531410,114377,156724,53.3,52.5,53.4,53.2,51.2,51,48.5,48,53.8,53.1,68.3667,232,424,6731,1049,80,513,178,542,7359,669,198,214,1.25019e+06,11.7,59.1,86,408,3599,886,181,375,,,,3.94,47.8263,8.23983,,,,,1.75,65.4826,64.4998,65.6055,65.3598,62.9027,62.6569,59.5855,58.9712,66.0969,65.2369
2005Q2,,,105102,240732,4.6213e+06,533050,114594,157079,54.4,54,54.9,54,51.8,51.3,49.7,49.4,54.3,53.7,68.8333,139,492,6926,1104,159,353,97,346,7552,1374,231,424,1.28966e+06,11.8667,59.7667,54,389,4029,322,4,138,,,,3.83,51.728,8.04892,,,,,1.75,66.0886,65.6026,66.696,65.6026,62.9299,62.3225,60.3787,60.0142,65.9671,65.2382
2005Q3,,,105485,241440,4.6318e+06,536209,114936,157813,56.1,55.9,55.4,55.2,53.1,52.6,50.1,50.4,55,54.9,69.1667,28,411,6761,1298,375,282,173,439,6582,558,400,229,1.32945e+06,12.5,59.9,215,320,5342,1989,112,438,,,,3.95,61.4995,7.88171,,,,,2,68.0021,67.7597,67.1536,66.9112,64.3657,63.7596,60.7292,61.0928,66.6688,66.5475
2005Q4,,,105928,242158,4.64022e+06,538411,115157,158613,55.3,56.7,55.4,56.8,53.5,54.6,52.1,52.8,55,56.4,69.8,126,445,9126,598,242,797,118,632,10115,1072,365,723,1.37288e+06,13.1667,60.2,256,422,5317,1112,38,610,,,,4.02,56.8534,7.8793,,,,,2.15909,66.6984,68.3869,66.819,68.5075,64.5273,65.8541,62.8388,63.6831,66.3365,68.0251
2006Q1,4.1,,106220,242854,4.6493e+06,541822,115567,159490,61,60.2,58.9,58.7,56.5,56.4,57.1,56.6,59,58.3,70.4,36,146,7435,1339,202,410,101,292,8542,1664,414,480,1.41613e+06,13.2667,60.4,136,361,5307,2294,158,665,,,,4.04,61.5188,8.02446,,,,,2.28986,73.3296,72.3679,70.8051,70.5647,67.92,67.7998,68.6413,68.0403,70.9254,70.0839
2006Q2,3.83333,,106525,243219,4.66039e+06,544073,116080,159931,63,62.5,61.8,60.7,59.3,58.7,61.3,60.8,60.5,59.8,71.0667,114,427,6521,1035,553,293,71,444,7577,1637,353,451,1.45654e+06,12.9333,61.1667,108,-11,5759,999,265,208,,,,4.21,69.831,7.83288,,,,,2.58333,74.7846,74.1911,73.3601,72.0544,70.3925,69.6803,72.7666,72.1731,71.817,70.986
2006Q3,3.43333,,106627,243960,4.67187e+06,547155,116725,160950,66.2,66,63.8,63.6,62.4,61.8,64.7,65.1,61.3,61.3,71.7,31,236,5261,483,296,324,80,344,6687,674,307,358,1.49952e+06,12.8,61.2,-57,404,5993,1749,354,690,,,,4.32,69.6211,8.06261,,,,,2.87319,78.5404,78.3031,75.693,75.4557,74.032,73.3202,76.7608,77.2353,72.727,72.727
2006Q4,2.96667,,106932,244620,4.68113e+06,548617,117315,161730,67.3,68.9,64.6,66.1,63.3,64.6,68,68.8,61.8,63.3,73.4333,138,457,9158,1107,158,544,119,696,10545,529,340,292,1.54713e+06,12.7,61.7,198,355,6630,799,387,612,,,,4.6,59.6806,8.26601,,,,,3.20674,79.1984,81.0813,76.021,77.7862,74.4912,76.021,80.0222,80.9636,72.726,74.4912
2007Q1,2.86667,,107286,245444,4.6915e+06,551832,117874,162652,71.7,70.9,68.6,68.4,67.2,67.2,73.7,73.1,65.3,64.6,74.7667,127,485,8015,1039,277,494,120,404,8341,643,388,368,1.5865e+06,12.0667,61.0333,283,574,7489,2154,360,699,,,,5.19,57.7735,8.16652,,,,,3.72727,85.2979,84.3462,81.61,81.3721,79.9445,79.9445,87.6772,86.9634,77.6842,76.8514
2007Q2,2.6,,107633,245997,4.70457e+06,553396,118391,163047,71.2,70.5,71.2,69.9,68.1,67.4,74.5,74,66,65.3,76.6333,126,382,6730,455,293,363,158,544,8307,1202,262,199,1.63182e+06,12.0333,61.4,198,149,7855,171,293,137,,,,5.49,68.5813,8.10605,,,,,4.09544,84.1973,83.3695,84.1973,82.66,80.5314,79.7036,88.0997,87.5084,78.048,77.2203
2007Q3,2.66667,,108033,247123,4.72162e+06,557052,119176,164245,69.7,69.6,71.1,70.9,67.9,67.3,76.2,76.6,65.6,65.6,77.3333,154,308,6862,847,439,383,156,302,7115,691,390,54,1.67935e+06,12.0667,61.3333,277,695,11615,2312,515,891,,,,6,74.9547,7.91405,,,,,4.63514,82.5131,82.3947,84.1704,83.9337,80.3822,79.6719,90.208,90.6815,77.6593,77.6593
2007Q4,2.66667,,108144,247746,4.73717e+06,560484,119586,165191,67.3,68.8,69.5,71.1,65.4,66.8,76.6,77.3,63,64.5,78.9333,48,294,9525,1420,126,662,219,227,8916,527,96,288,1.72295e+06,11.4333,62.5667,35,349,12673,2409,197,737,,,,6.55,88.5604,7.88708,,,,,5.0463,78.1013,79.8421,80.6544,82.5112,75.8964,77.5211,88.894,89.7063,73.1112,74.852
2008Q1,2.66667,,108582,248668,4.75337e+06,565653,120284,166304,67.7,67.1,71.1,71,66.1,66.2,78.6,78,64.4,63.8,80.1333,104,426,6842,832,166,310,92,497,6505,431,72,161,1.76386e+06,11.2667,63.2,366,648,12431,3995,503,801,,,,6.92,96.9334,7.95584,,,,,5.25,77.7782,77.0889,81.6844,81.5695,75.94,76.0549,90.3009,89.6116,73.987,73.2977
2008Q2,2.76667,,108967,249527,4.76907e+06,568809,120798,166708,67.6,66.8,72,70.7,66.5,65.8,78.7,78.3,65.9,65.1,80.9333,241,231,7396,842,178,150,143,191,6447,385,283,91,1.79884e+06,10.3667,63.3333,249,480,9932,1598,228,69,,,,7.25,121.397,7.94015,,,,,5.44751,77.4998,76.5827,82.5442,81.0538,76.2387,75.4362,90.2254,89.7668,75.5509,74.6337
2008Q3,3,,109425,250985,4.78702e+06,573388,121325,167709,62.8,62.8,69.6,69.4,64.7,64,75.1,75.5,62.6,62.5,81.6333,70,352,6806,303,314,138,46,360,6127,899,68,98,1.83086e+06,9.1,64.2333,268,1012,11852,3057,248,640,,,,7.63,114.399,8.05921,,,,,5.75,70.9881,70.9881,78.6747,78.4487,73.1358,72.3446,84.8918,85.344,70.762,70.649
2008Q4,3.26667,,109700,252051,4.79925e+06,575475,121610,168257,58.9,60.2,64.7,66.2,59.4,60.6,71.2,71.8,58.7,59.9,82.5,92,317,7596,580,290,101,113,123,6838,993,467,52,1.8572e+06,7.53333,64.8,207,725,9138,1082,127,311,,,6.99,7.28,54.6605,8.93537,,,,,4.77772,65.9974,67.454,72.4963,74.177,66.5576,67.9022,79.7795,80.4518,65.7733,67.1179
2009Q1,3.23333,71.5667,110048,252918,4.8122e+06,578870,122162,168988,61.2,60.7,67.4,67.3,61.8,62,72.4,72,61.6,61.1,82.6667,248,242,7645,1716,140,51,188,167,5540,600,199,75,1.88601e+06,6.73333,64.7333,248,593,9618,2111,352,513,,,4.63,5.02,44.4349,8.94633,,,,,2.66136,68.6452,68.0843,75.5994,75.4872,69.3182,69.5425,81.2077,80.759,69.0938,68.533
2009Q2,3.5,71.2,110381,253600,4.82555e+06,580229,122602,169343,64.2,63.4,70.9,69.6,66.1,65.3,74.7,74.3,63.8,63,82.7333,124,236,4939,466,350,150,61,209,4351,97,119,23,1.91859e+06,6.5,65.3333,185,229,6961,-162,179,-73,,,3.73,4.16,58.698,8.84132,,,,,1.65727,71.3488,70.4597,78.7949,77.3501,73.4604,72.5713,83.018,82.5735,70.9043,70.0152
2009Q3,3.43333,70.5333,110783,255490,4.84268e+06,584292,123318,170491,66.9,66.9,72.2,72,69,68.3,77.6,77.8,65,65,83.3333,67,110,3902,648,130,38,103,160,4351,256,127,81,1.94958e+06,6.43333,65.3333,226,1386,10426,2402,401,783,,,3.51,3.93,68.1967,8.73531,,,,,1.25,74.3495,74.3495,80.2396,80.0173,76.6833,75.9053,86.2409,86.4632,72.2379,72.2379
2009Q4,3.63333,70,111213,256600,4.8582e+06,586860,123850,170936,67,68.4,72.2,73.8,68.4,69.8,82.1,82.6,66.8,68.2,84,192,144,5223,639,189,147,152,204,5478,236,210,233,1.97883e+06,6.76667,65.7,321,766,11629,1232,320,182,,,3.56,3.98,74.6293,8.39487,,,,,1.45996,74.045,75.5922,79.7918,81.56,75.5922,77.1394,90.7328,91.2854,73.824,75.3712
2010Q1,4.03333,69.8333,111637,257864,4.87321e+06,590041,124510,171652,69.6,69.1,74.6,74.7,69.7,69.9,85.6,85.3,70.6,70.1,84.6333,139,328,4757,385,98,24,79,448,5497,213,107,481,2.00823e+06,6.7,66.6333,305,938,10889,1883,467,448,,,3.69,4.1,76.249,8.1052,,,,,1.75,75.841,75.2962,81.2894,81.3983,75.95,76.1679,93.2757,92.9488,76.9307,76.3859
2010Q2,4.03333,69.8333,111959,258365,4.88796e+06,592082,124901,171722,73.5,72.6,77.4,75.9,72,71.1,87.3,86.8,71.2,70.4,85.7333,42,104,3699,565,34,50,80,442,4331,226,161,145,2.037e+06,6.3,67.0333,236,53,8845,406,94,-277,,,3.78,4.19,78.508,7.91041,,,,,1.90278,79.6128,78.638,83.8372,82.2124,77.9881,77.0132,94.5605,94.0189,77.1215,76.255
2010Q3,3.83333,69.8,112376,259913,4.90815e+06,596923,125635,173221,73.1,73.1,77,76.8,73.2,72.5,88.5,88.7,73.2,73.1,86.0667,46,223,3957,400,118,142,99,854,4859,333,61,83,2.0599e+06,6.2,66.5333,267,1100,13754,3181,448,1113,,,3.86,4.27,76.82,7.95609,,,,,2,79.7746,79.7746,84.0307,83.8124,79.8837,79.1198,96.5807,96.799,79.8837,79.7746
2010Q4,3.9,69.6,112789,260392,4.9203e+06,599230,126021,173486,73.1,74.5,76.9,78.6,73,74.4,89.9,90.5,72.9,74.3,86.9,68,258,5613,900,146,73,235,410,6554,825,463,119,2.0944e+06,6.33333,67.2,326,202,8848,1072,149,19,,,3.82,4.24,86.4621,8.05444,,,,,2,78.9832,80.4958,83.089,84.9258,78.8751,80.3878,97.1353,97.7835,78.7671,80.2797
2011Q1,3.36667,69.6667,113222,261311,4.93726e+06,605005,126469,174161,78.1,77.6,80.9,80.9,77.3,77.4,94.5,94.3,77,76.7,87.9,73,288,5153,450,49,741,150,451,7819,1512,185,365,2.12917e+06,6.6,67.5667,350,607,13421,4518,212,454,,,3.78,4.2,104.961,7.82334,,,,,2,83.9276,83.3903,86.9366,86.9366,83.0679,83.1754,101.551,101.336,82.7456,82.4232
2011Q2,3.6,69.7333,113659,261705,4.95298e+06,607292,126714,174326,79,77.9,83.1,81.5,78.9,78,95.6,95.1,80,79.1,88.8,81,254,3863,128,78,94,282,272,6644,788,373,303,2.16704e+06,7,68,317,15,9829,640,-10,-172,,,3.77,4.18,117.36,7.82414,,,,,2.13095,84.3538,83.1793,88.7317,87.0232,84.247,83.286,102.079,101.545,85.4216,84.4606
2011Q3,3.56667,70,113945,263218,4.97303e+06,611491,127230,176008,79.5,79.5,83.4,83.2,80.3,79.6,96.7,96.7,80.5,80.4,89.1667,51,257,4597,324,186,218,48,180,5888,1283,115,39,2.20611e+06,7.16667,67.5333,123,1038,13928,2534,245,1346,,,3.98,4.39,113.342,7.76512,,,,,2.25,85.4743,85.4743,89.6673,89.4523,86.3344,85.5818,103.967,103.967,86.5494,86.4419
2011Q4,3.66667,69.7667,114489,263762,4.98587e+06,613285,127506,176348,81,82.7,83,84.8,79.9,81.4,97.9,98.6,82,83.4,90,236,294,6433,460,172,207,269,370,7384,921,253,22,2.24493e+06,7.2,67.8,484,298,9860,640,63,134,,,4.18,4.59,109.396,7.75977,,,,,2.1627,86.7445,88.565,88.8863,90.814,85.5665,87.1728,104.843,105.593,87.8154,89.3147
2012Q1,3.36667,69.9333,114989,264785,5.00294e+06,617242,128073,177173,84.2,83.8,86,86.1,82.7,82.7,99.7,99.7,83.2,82.9,90.8,146,242,5246,331,86,161,104,460,6791,730,276,901,2.26882e+06,7.2,68.1333,405,804,13617,2698,368,568,,,4.16,4.55,118.486,7.58631,,,,,1.70455,89.7303,89.304,91.6485,91.7551,88.1317,88.1317,106.248,106.248,88.6646,88.3449
2012Q2,3.4,69.8667,115805,265244,5.01752e+06,618378,128117,177258,83.6,82.5,88.8,87.1,85.3,84.4,103.1,102.6,86.9,85.7,91.4667,308,376,6110,291,173,336,150,215,7439,784,315,440,2.27761e+06,6.96667,68.2667,651,1,9241,-467,-187,-272,,,3.98,4.37,108.306,7.55871,,,,,1.5,88.9168,87.7469,94.4476,92.6394,90.725,89.7677,109.657,109.125,92.4267,91.1504
2012Q3,3.36667,69.7333,116298,267160,5.03814e+06,621332,128830,179123,84.7,84.5,89.3,89,87.6,86.9,106,105.8,87.9,87.8,92,162,356,7289,1960,89,139,127,349,8107,1504,196,602,2.31966e+06,7.1,67.8,355,1463,14185,1300,467,1502,,,3.95,4.35,109.613,7.39209,,,,,1.5,90.7069,90.4927,95.6331,95.3118,93.8125,93.0629,113.517,113.303,94.1338,94.0267
2012Q4,3.73333,69.4667,116677,267950,5.05128e+06,623966,129191,179692,85.3,87.1,88.7,90.5,86.5,88.2,105,105.7,88.4,90,92.7333,126,196,7634,1391,282,135,276,290,7802,765,304,189,2.36075e+06,7.16667,68.5667,333,523,10294,1534,149,388,,,3.93,4.36,110.088,7.36452,,,,,1.5,90.328,92.2341,93.9284,95.8345,91.5987,93.399,111.189,111.93,93.6107,95.3051
2013Q1,3.83333,69.3333,116974,268926,5.06371e+06,626953,129585,180280,88.1,87.6,91.4,91.5,89.2,89.1,107.1,107.3,92.7,92.6,93.5,212,217,6324,878,191,484,221,185,7897,1559,244,482,2.40289e+06,7.26667,68.9667,200,717,9629,1808,209,323,,,3.92,4.33,112.495,7.43015,,,,,1.5,92.752,92.2256,96.2262,96.3315,93.9101,93.8048,112.755,112.966,97.5949,97.4896
2013Q2,3.93333,69.1,117527,269205,5.0778e+06,629313,129758,180048,91.7,90.5,93.9,92.1,89.9,88.9,107.8,107.1,92.4,91,94.0333,135,236,6572,767,229,455,253,98,6911,341,244,330,2.44393e+06,7.5,69.6333,392,-196,8217,792,-93,-573,,,4.12,4.52,102.575,7.61552,,,,,1.5,95.6178,94.3665,97.9118,96.0349,93.7409,92.6981,112.406,111.676,96.3477,94.8879
2013Q3,3.93333,69.5,118115,271067,5.0963e+06,632990,130426,181513,90.1,89.8,92.1,91.8,88.2,87.5,105.7,105.5,92.3,92.2,94.7,206,799,6912,349,189,597,110,291,6988,705,178,324,2.48462e+06,7.16667,69.8333,474,1445,12476,2001,419,1130,,,4.11,4.51,110.27,7.93163,,,,,1.5,93.6803,93.3684,95.7598,95.4479,91.7048,90.977,109.9,109.692,95.9678,95.8638
2013Q4,4,69.1667,118588,271949,5.10906e+06,634463,130754,182035,86.4,88.2,89.6,91.5,85.5,87.2,103.2,103.8,89.4,91,95.3,131,334,8667,1335,383,792,53,320,8491,1051,155,223,2.5327e+06,7.06667,70.1333,402,592,9622,253,138,264,3.97,3.98,4.07,4.48,109.208,8.2437,,,,,1.5,89.449,91.3126,92.762,94.729,88.5173,90.2773,106.842,107.463,92.5549,94.2114
2014Q1,3.66667,68.9,119111,272520,5.12438e+06,638529,131212,182657,90.5,90.3,91.7,91.8,87,86.8,101.2,101.5,91.7,91.7,96.1333,134,253,6356,848,246,231,136,134,6160,96,351,466,2.57955e+06,6.8,70.4667,426,254,11282,2604,280,397,3.96,3.96667,4.05,4.44,108.166,8.34652,,,,,1.5,93.2505,93.0445,94.487,94.59,89.6442,89.4381,104.276,104.585,94.487,94.487
2014Q2,3.5,69.2667,119849,272612,5.13768e+06,640313,131371,182740,92.6,91.2,95.2,93.4,90.9,89.9,105.7,104.9,96.2,94.8,97.5333,212,242,7420,746,149,592,389,310,7575,567,69,500,2.61943e+06,6.66667,70.9,548,-303,7359,91,-127,-314,3.81667,3.81667,3.91,4.3,109.697,8.20747,,,,,1.5,94.8312,93.3975,97.4938,95.6505,93.0902,92.0661,108.247,107.428,98.5179,97.0842
2014Q3,3.93333,68.8333,120369,274379,5.15645e+06,645701,131982,184604,94.5,94.2,95.3,95,92.2,91.6,104.8,104.5,94.6,94.4,97.9667,65,350,6191,720,136,185,58,397,6179,266,45,546,2.65883e+06,6.53333,71.3333,408,1363,12940,3643,350,1534,3.75,3.74667,3.87,4.26,101.823,8.27332,,,,,1.5,96.1891,95.8837,97.0034,96.698,93.848,93.2372,106.673,106.368,96.2909,96.0873
2014Q4,3.96667,68.7667,120685,275112,5.1658e+06,647676,132102,184960,94.2,96.2,94.8,96.9,92.5,94.4,104.2,104.8,96,97.9,98.4333,284,346,8113,1040,231,295,99,350,7242,787,137,273,2.70092e+06,6.23333,71.6,282,453,6589,775,-67,148,3.54,3.53,3.67,4.07,76.4155,8.59208,,,,,1.45417,95.5266,97.5548,96.1351,98.2646,93.8027,95.7294,105.667,106.276,97.352,99.2787
2015Q1,4.5,68.7667,121229,275737,5.177e+06,650733,132302,185537,98.2,98.2,98.3,98.4,97.4,97.1,103.3,103.8,97.7,97.7,99.2,189,272,6519,350,224,293,88,201,7238,834,95,879,2.74409e+06,6.23333,71.8,484,401,8648,1834,65,374,3.13667,3.06,3.32,3.73,53.9135,8.73141,,,,,1.25,99.3055,99.3055,99.4067,99.5078,98.4965,98.1932,104.463,104.969,98.7999,98.7999
2015Q2,4.56667,68.8333,121827,275938,5.18944e+06,652044,132264,185341,101.9,100.2,101.5,99.6,100,98.9,101.8,100.9,101.7,100.1,100,21,363,7972,687,160,483,199,431,7831,536,108,849,2.78888e+06,6.36667,72.5,411,-300,6285,-417,-293,-495,3.05333,2.99333,3.25,3.65,61.6923,8.55467,,,,,1.2197,102.052,100.35,101.652,99.7488,100.149,99.0478,101.952,101.051,101.852,100.25
2015Q3,4.73333,68.3667,122062,277378,5.20543e+06,656614,132587,186868,101.5,101.1,101.1,100.7,101.6,101.1,99.2,99,101.3,101.1,100.267,205,171,5968,494,454,249,140,316,7148,424,90,474,2.83189e+06,6.4,72.7333,22,935,9408,2824,28,1119,2.82667,2.82,3,3.4,50.2332,9.14155,,,,,0.984848,101.326,100.926,100.926,100.527,101.425,100.926,99.0295,98.8299,101.126,100.926
2015Q4,4.9,68.0333,122348,277391,5.21398e+06,658390,132644,187353,98.4,100.5,99.1,101.3,101,103,95.7,96.2,99.3,101.2,100.633,240,441,7801,553,244,323,265,297,8890,603,139,301,2.86996e+06,6.13333,73.4,191,-322,5432,620,-101,282,2.57,2.56667,2.75,3.17,43.5677,9.33634,,,,,0.75,97.3387,99.416,98.0311,100.207,99.9106,101.889,94.6678,95.1624,98.229,100.108
2016Q1,5.1,68.1667,122660,278120,5.22326e+06,660987,132895,187951,99.2,99.3,102.8,102.9,106.5,106.1,92.7,93.2,104,103.9,101.1,87,370,6344,457,42,528,136,410,7637,1013,117,581,2.90942e+06,5.96667,74.0667,206,379,5760,1278,50,361,2.51,2.50667,2.7,3.13,33.6972,9.52579,,,,,0.720833,97.2468,97.3448,100.776,100.874,104.403,104.011,90.8748,91.3649,101.952,101.854
2016Q2,4.93333,67.8,123322,277807,5.23683e+06,662587,132960,187981,101.6,99.7,107.1,105.1,112.7,111.4,93.8,92.8,106.4,104.7,102.333,113,298,7918,781,102,695,464,496,9784,1192,53,338,2.95523e+06,5.96667,75,484,-784,7290,-296,-212,-325,2.38333,2.37667,2.57,2.98,45.5243,9.32,,,,,0.5,98.3601,96.5207,103.685,101.748,109.106,107.848,90.8088,89.8407,103.007,101.361
2016Q3,4.9,67.8333,123562,278951,5.25217e+06,666691,133234,189842,101.2,100.9,109.1,108.7,119.9,119.5,93.8,93.7,108.8,108.5,102.933,124,315,6407,400,100,353,130,836,8774,1296,161,415,3.00361e+06,6.1,75.6667,92,668,9403,2410,57,1487,2.36333,2.36333,2.53,2.97,45.7876,9.28968,,,,,0.5,97.1096,96.8218,104.69,104.307,115.054,114.67,90.0087,89.9128,104.402,104.115
2016Q4,4.66667,67.3667,124008,278555,5.25832e+06,666757,132728,190464,101.5,103.7,109.1,111.6,122.9,125.3,96.1,96.7,108.3,110.5,103.5,246,492,8623,806,125,702,458,334,10330,1316,57,753,3.05165e+06,6.3,76,379,-648,3640,-1002,-660,442,2.41667,2.43,2.53,2.97,49.1883,9.0356,,,,,0.5,96.9703,99.0722,104.231,106.62,117.415,119.708,91.8113,92.3846,103.467,105.569
2017Q1,4.43333,67.5,124223,279007,5.26715e+06,668819,132790,191329,103.7,103.9,113.2,113.3,128.9,128.4,97.7,98.4,111.7,111.6,104.1,153,283,6526,608,70,395,115,520,9174,933,53,261,3.10124e+06,6.6,76,142,202,6435,873,-62,665,2.49333,2.50667,2.6,3.04,53.6784,8.98373,,,,,0.5,99.0722,99.2632,108.148,108.244,123.148,122.67,93.3399,94.0087,106.715,106.62
2017Q2,4.6,67.5,124798,279035,5.27776e+06,669060,132913,191152,105.7,103.6,114.5,112.4,127.4,125.8,100.3,99.1,113,111.3,105.067,225,382,9028,1180,73,800,61,579,9510,2057,173,502,3.15009e+06,6.6,76.6333,413,-308,5221,-1393,-132,-474,2.51333,2.51667,2.58,3.03,49.6675,9.36987,,,,,0.5,100.148,98.1586,108.486,106.496,120.709,119.193,95.032,93.895,107.065,105.454
2017Q3,4.2,67.3667,125019,279914,5.29029e+06,672062,133233,192847,102.5,102.3,111.8,111.4,122.2,121.9,96.6,96.4,110.5,110.3,105.433,280,746,6935,110,52,370,47,129,8434,1654,84,260,3.19806e+06,6.5,76.8333,100,468,6868,1388,39,1409,2.5,2.5,2.56,3.03,52.1119,9.34882,,,,,0.5,96.8636,96.6746,105.652,105.274,115.48,115.197,91.288,91.099,104.424,104.235
2017Q4,4.2,67.4333,125454,279792,5.29562e+06,673468,133139,193501,99.4,101.5,109.9,112.4,119.2,121.5,99.7,100.6,106.8,108.9,106.4,337,405,8979,789,129,277,168,449,8132,911,117,314,3.24691e+06,6.36667,77,351,-404,2769,193,-266,509,2.44,2.44,2.53,3,61.5318,9.61567,,,,,0.5,93.7308,95.711,103.632,105.989,112.401,114.57,94.0136,94.8623,100.709,102.689
2018Q1,4.06667,68.0333,125708,280216,5.30278e+06,674736,133309,194128,101.7,101.9,112,112.1,122.6,122.1,98,98.7,110,109.8,107.3,92,257,6770,803,61,203,163,176,7330,986,103,616,3.3017e+06,6.06667,77.5333,189,197,5468,125,14,445,2.41667,2.43667,2.51,2.95,66.8038,9.63257,,,,,0.5,95.2399,95.4272,104.886,104.979,114.812,114.344,91.7749,92.4305,103.013,102.825
2018Q2,4,68.1667,126347,280203,5.31234e+06,676462,133410,194051,105.5,103.3,116.4,114.2,127.9,126.2,99.2,97.8,113.4,111.7,108.3,366,548,8183,478,38,811,130,160,7055,580,108,738,3.34773e+06,5.9,78.4,484,-382,4602,27,-113,-359,2.41,2.42667,2.49,2.9,74.4953,9.55408,,,,,0.5,97.7064,95.6689,107.801,105.764,118.452,116.877,91.8718,90.5752,105.023,103.448
2018Q3,4.13333,68.3,126583,281445,5.32393e+06,679886,134312,195449,103.4,103.3,115.1,114.6,127.1,127,97.7,97.4,110.2,110,109.233,116,231,8118,1659,117,271,289,566,8104,1080,153,444,3.39758e+06,5.8,79.3333,97,805,6289,1880,645,1115,2.42667,2.44,2.48,2.9,75.2245,9.57804,,,,,0.525,94.6349,94.5434,105.343,104.885,116.326,116.234,89.4181,89.1435,100.858,100.675
2018Q4,3.86667,68.4,126841,281190,5.32821e+06,681067,134037,196159,100.9,103.1,112.4,115,124.5,126.9,96.4,97.6,110.4,112.6,110.067,85,408,9757,1301,145,483,74,446,9023,593,160,388,3.44124e+06,5.66667,79.6,112,-491,1722,158,-386,551,2.55,2.56,2.64,3.06,67.7142,9.63369,,,,,0.75,92.0374,94.0442,102.527,104.899,113.565,115.754,87.9327,89.0273,100.703,102.71
2019Q1,3.96667,68.5,127013,281858,5.33649e+06,683947,134284,196866,104.3,104.5,115.4,115.6,128.3,127.9,98.2,98.9,111.7,111.3,110.667,94,176,7036,610,115,175,203,607,7673,846,46,261,3.48934e+06,5.76667,79.8333,98,387,5653,1687,85,496,2.50333,2.51,2.62,3.03,63.1695,9.74185,1.68785,1.14321,1.34861,1.0583,0.77381,94.8607,95.0426,104.956,105.138,116.689,116.325,89.3128,89.9494,101.591,101.227
2019Q2,3.5,68.3333,127334,281978,5.3456e+06,685811,134339,196939,106.7,104.4,118.7,116.3,131.3,129.3,100.9,99.3,111.1,109.4,111.467,61,533,8561,1868,197,573,217,334,8756,685,159,574,3.53424e+06,5.66667,80.3667,164,-207,4701,266,-92,-224,2.68,2.68333,2.79,3.19,68.9239,9.71623,1.61394,1.27898,1.34417,1.20399,1.02632,96.3995,94.3216,107.241,105.073,118.625,116.818,91.1594,89.7139,100.375,98.8389
2019Q3,3.9,69,127467,283246,5.35679e+06,690335,135118,198219,105.7,105.6,117.8,117.3,131.8,131.7,98.6,98.1,112.1,112,111.967,162,485,6862,1043,59,258,177,681,8427,643,256,781,3.57297e+06,5.26667,80.6333,40,872,6190,2912,574,969,2.85333,2.85,2.95,3.35,61.9292,9.85107,1.26767,1.19782,1.18762,1.25353,1.27778,95.1803,95.0902,106.076,105.626,118.683,118.593,88.7869,88.3366,100.943,100.853
2019Q4,4.16667,68.6667,127731,283929,5.36758e+06,693494,135510,199039,105.1,107.5,115.3,118.1,130.2,132.8,93.3,94.8,110.5,112.8,112.367,94,205,7930,1329,157,497,117,287,7031,483,126,203,3.61594e+06,5.1,80.8667,199,429,8721,1975,265,641,3.02,3.01333,3.13,3.49,63.3807,10.0917,1.39206,1.26612,1.26091,1.21324,1.5,94.3669,96.5218,103.525,106.039,116.904,119.238,83.7719,85.1188,99.2154,101.281
2020Q1,3.7,69,127867,284208,5.37236e+06,694657,143840,205811,108.1,108.2,117.6,117.9,132.2,131.7,99.4,100.1,113.3,112.9,112.8,260,374,6682,708,152,295,165,282,6812,686,106,236,3.65899e+06,4.86667,80.8,33,73,2576,-61,142,476,2.94333,2.93667,3.03,3.38,50.4379,10.4551,1.22542,1.04155,1.07397,1.06118,1.32955,97.1406,97.2305,105.677,105.947,118.797,118.348,89.3226,89.9517,101.813,101.454
2020Q2,4.66667,67.5,128102,283763,5.37481e+06,694086,143691,205332,110.5,108.1,121.9,119.3,136.1,133.9,101.4,99.6,115.4,113.6,114.133,39,299,6584,505,151,318,55,233,7431,366,111,487,3.69619e+06,4.53333,81.2333,112,-803,-1828,-2124,-342,-772,1.97,1.97,2.02,2.4,29.3414,11.0202,0.619604,0.2136,0.304353,0.104137,0.100877,98.7676,96.6224,108.957,106.633,121.649,119.683,90.6338,89.0249,103.147,101.538
2020Q3,5.46667,67.5,128112,285070,5.38458e+06,697549,143981,207015,112.5,112.3,123.6,123,138.2,138.2,103.4,102.8,115.8,115.7,114.867,192,229,7550,700,230,678,75,248,7170,740,241,541,3.743e+06,4.63333,81.9,-136,1016,5379,1918,90,1406,1.81333,1.81667,1.98,2.33,42.9626,10.6704,0.648543,0.192033,0.342699,0.0264497,0,99.7367,99.5594,109.577,109.045,122.521,122.521,91.6691,91.1372,102.662,102.574
2020Q4,5.2,67.9667,128233,285601,5.39137e+06,697010,144147,207595,112.9,115.6,124,127.2,142.6,145.6,102.6,104.6,117.6,120.2,115.3,342,373,8457,1051,58,461,40,186,8538,999,78,541,3.79428e+06,4.83333,81.9333,72,331,5015,-1591,73,360,1.79,1.79,1.94,2.28,44.2919,10.7574,0.781382,0.305308,0.500081,0.0256841,0,100.051,102.443,109.887,112.723,126.37,129.029,90.9229,92.6953,104.216,106.52
2021Q1,4.93333,67.7,128481,285911,5.3988e+06,697028,144223,208281,117.5,117.5,130.7,131,150.5,150,106.4,107,123.5,122.9,116.967,85,633,6570,767,95,162,23,227,7243,637,201,467,3.83544e+06,4.83333,83.1333,149,2,3805,-1389,-108,481,1.76333,1.77333,1.91,2.23,60.8202,10.264,1.23669,0.565493,0.841324,0.136105,0,102.624,102.624,114.153,114.415,131.446,131.009,92.9294,93.4534,107.864,107.34
2021Q2,5,68.6,128833,285249,5.40217e+06,696088,143985,207415,122.4,119.7,137,133.8,153.9,151.2,111.8,109.6,128.5,126.3,121.3,304,350,7154,674,161,643,31,448,8373,524,230,411,3.8806e+06,5.1,83.5333,168,-1089,-1736,-2610,-464,-1237,1.75,1.76,1.87,2.17,68.8349,10.0894,1.47039,0.717581,1.0414,0.234052,0,106.392,104.045,119.082,116.301,133.772,131.425,97.1781,95.2658,111.694,109.782
2021Q3,4.23333,69.4,128760,286567,5.41517e+06,698660,144515,209802,121.5,121.3,136.5,135.8,152.7,152.6,113.1,112.3,129.6,129.6,127.567,97,298,6787,920,95,425,86,178,6352,807,67,376,3.93527e+06,5.16667,84.7667,-209,972,8006,1045,293,2004,1.73333,1.74667,1.85,2.13,73.4672,10.3274,1.27585,0.877697,1.06391,0.375758,0.0189394,104.073,103.902,116.921,116.322,130.798,130.712,96.8777,96.1925,111.011,111.011
2021Q4,3.63333,69.9,128982,286930,5.42527e+06,699827,144699,210496,120,123.1,133.9,137.6,151.2,154.6,112.4,114.9,129.8,133,131.167,115,507,7895,259,96,294,58,282,8248,932,302,213,3.98278e+06,5.06667,85.7333,199,205,9542,130,76,529,1.88667,1.9,2.04,2.32,79.5862,9.97234,1.60083,1.39308,1.50654,0.695246,0.287879,101.629,104.255,113.401,116.535,128.053,130.932,95.1926,97.3098,109.929,112.639
2022Q1,3.23333,70.5333,129073,287428,5.43554e+06,702543,144877,211246,124.9,124.7,140.1,140.4,159.4,158.9,115.3,115.9,137.7,136.8,131.067,28,159,6155,450,183,187,125,500,8049,424,95,784,4.02484e+06,5,86.3333,84,348,9333,1766,73,607,2.09333,2.11667,2.25,2.51,100.293,9.93269,2.0833,1.8818,1.99624,1.12774,0.518116,105.044,104.876,117.827,118.08,134.059,133.639,96.97,97.4746,115.809,115.052
2022Q2,3.16667,70.4333,129431,288133,5.45558e+06,703979,145144,211106,130,127.1,145.7,142.2,162.7,159.7,119,116.5,139.7,137.2,134.167,118,283,7101,738,200,779,35,180,7423,231,370,580,4.06426e+06,4.8,88.4333,257,488,17668,220,131,-392,2.33667,2.35667,2.45,2.7,113.541,10.0228,2.87208,2.65352,2.78324,1.58505,0.789683,106.737,104.356,119.627,116.754,133.585,131.122,97.7051,95.6525,114.701,112.648
2022Q3,3.23333,70.2,129732,288841,5.47524e+06,707531,145568,212135,128.1,128,143.1,142.4,160.1,160.1,116.9,116.1,136.7,136.7,136.667,54,243,6793,233,231,399,305,192,6543,386,153,147,4.10364e+06,4.4,90.4333,161,403,16742,2215,298,788,2.94,2.95667,2.95,3.21,100.712,10.061,3.07732,3.07878,3.0427,2.73316,1.52734,102.851,102.77,114.894,114.332,128.543,128.543,93.8582,93.2159,109.756,109.756
2022Q4,3.3,69.9667,129874,289330,5.48898e+06,709037,146011,212660,123.3,126.6,137.4,141.3,153.5,157.1,113.8,116.6,131.1,134.6,138.633,100,402,7965,538,220,467,169,64,7805,684,179,427,4.14451e+06,4.16667,91.4333,193,407,14595,493,438,553,3.83667,3.84333,4.03,4.25,88.5571,10.3919,3.28873,3.30285,3.25115,3.12949,2.44499,97.914,100.535,109.111,112.208,121.896,124.755,90.37,92.5935,104.108,106.888
2023Q1,3.7,70,130225,290272,5.50433e+06,711307,146267,213433,126.8,126.4,140,140.3,157,156.4,114.9,115.3,135.5,134.5,139.433,27,441,7551,1103,126,519,174,232,6065,955,244,345,4.18826e+06,4.1,92.0333,315,864,14587,1362,168,634,4.19333,4.19333,4.26,4.48,81.1736,10.9845,3.07538,3.06709,3.01083,3.22018,2.77174,100.037,99.7214,110.451,110.688,123.863,123.389,90.6487,90.9642,106.901,106.112
2023Q2,3.3,70.2667,130587,290357,5.51404e+06,712092,146811,213163,129.7,126.9,145.5,141.9,161.6,158.5,121.9,119.3,138.5,136,140.6,117,508,7148,426,144,508,58,304,4778,110,53,304,4.22343e+06,3.9,94.1333,226,-146,6344,-590,383,-569,4.53,4.53,4.69,4.89,78.3145,11.6554,3.2911,3.38076,3.28269,3.62683,3.19896,100.042,97.8824,112.229,109.452,124.648,122.257,94.0257,92.0203,106.83,104.902
2023Q3,3.6,70.3333,130772,291189,5.53358e+06,716272,148682,214093,125.3,125.2,141.3,140.7,157.3,157.3,119.8,119.1,135.4,135.4,141.333,41,158,5826,724,168,262,133,194,5410,750,107,411,4.25401e+06,3.7,94.5333,90,571,15679,2823,1706,665,5.16667,5.17,5.19,5.4,86.6594,11.4042,3.82029,4.11827,3.97792,4.17152,3.89337,96.2393,96.1625,108.528,108.068,120.818,120.818,92.0149,91.4773,103.997,103.997
2023Q4,3.76667,69.9,130921,291940,5.5502e+06,717710,149048,214565,122,125.4,136.4,140.4,153.8,157.5,116,119,131.4,135,143.167,72,132,7457,987,91,335,9,73,6578,664,146,1085,4.28391e+06,3.4,95.5333,159,580,16457,705,287,378,5.52333,5.52,5.61,5.8,83.7223,11.6525,3.68873,3.79667,3.68614,4.27102,4.28947,92.7238,95.3079,103.668,106.708,116.893,119.705,88.1636,90.4437,99.8681,102.604
2024Q1,3.96667,69.8,131136,292482,5.56236e+06,719852,149330,215121,128.6,128,141.7,141.9,158.9,158.2,121.1,121.4,137.5,136.5,144.067,30,199,5734,476,238,352,26,82,5553,646,76,254,4.30843e+06,3.16667,96.1,100,393,10744,1011,147,366,5.67667,5.66333,5.76,5.94,83.0036,11.4155,3.62337,3.66497,3.55205,4.36516,4.5,97.1637,96.7104,107.061,107.213,120.057,119.528,91.4971,91.7237,103.888,103.133
2024Q2,4.06667,69.6667,131726,292277,5.57163e+06,720568,149449,215040,133.1,130.2,147.7,144,165.6,162.5,126.3,123.6,138.9,136.3,146.3,345,166,6523,697,224,672,252,78,4407,174,217,552,4.34568e+06,3.16667,97.0333,477,-480,5414,-815,-10,-349,5.73667,5.72667,5.75,5.93,84.6434,11.5635,3.68527,3.77374,3.65158,4.39979,4.5,99.5964,97.4264,110.521,107.753,123.916,121.596,94.5081,92.4877,103.936,101.991
2024Q3,4,69.7667,132033,293301,5.58504e+06,723196,149928,215873,134.4,134.4,145.9,145.4,164.9,165,127.1,126.4,136.7,136.7,146.933,55,92,5458,1080,135,359,60,68,4805,1049,87,197,4.3927e+06,3.46667,97.2,146,666,9500,1081,309,598,5.72667,5.66667,5.72,5.91,79.8416,11.7636,3.40565,3.38198,3.31259,4.24422,4.5,100.397,100.397,108.987,108.614,123.18,123.255,94.9436,94.4207,102.115,102.115
2024Q4,4.06667,69.7333,132358,293709,5.59434e+06,724290,150123,216518,134.6,138.4,143,147.1,162.1,165.9,124.6,127.9,134.2,137.8,148.267,250,114,6268,823,66,443,161,170,3993,252,222,382,4.43626e+06,3.8,97.8667,252,228,8518,91,46,499,5.67667,5.61667,5.69,5.87,74.6124,11.7569,3.65239,3.63162,3.59844,4.21824,4.5,99.8612,102.68,106.093,109.135,120.264,123.083,92.4421,94.8904,99.5644,102.235
2025Q1,4.06667,69.7333,132578,294029,5.60105e+06,725243,150663,216889,144.3,143.4,150.9,151,172.2,171.4,138.8,138.9,140.4,139.4,149.533,201,332,5367,518,176,228,214,221,5809,770,326,403,4.47862e+06,4,98.8,208,109,5434,-39,408,172,5.66667,5.66,5.68,5.87,75.8138,11.65,3.95148,3.77646,3.87555,4.23033,4.5,106.046,105.385,110.897,110.97,126.55,125.962,102.004,102.078,103.18,102.445
2025Q2,4.76667,69.6667,132966,293787,5.60694e+06,725180,150838,216752,147.7,144.6,154.4,150.6,172.7,169.5,143.8,140.8,143.3,140.6,152.7,178,201,4985,371,171,396,213,204,5121,565,493,757,4.52801e+06,4.23333,99.8,259,-584,1992,-1611,-45,-457,5.61333,5.61,5.65,5.83,68.0108,11.6738,3.97822,3.676,3.83621,4.03693,4.47083,107.457,105.202,112.332,109.567,125.646,123.318,104.62,102.437,104.256,102.292
2025Q3,4.7,69.4667,133201,294484,5.61835e+06,727797,151449,217774,147.9,148,153.2,152.7,170.3,170.5,146.6,145.8,140.4,140.4,153.9,12,57,4428,783,89,177,68,313,4212,84,237,170,4.58064e+06,4.33333,100.533,126,366,6851,930,413,714,5.34667,5.34333,5.38,5.56,68.9656,11.7964,3.93674,3.61474,3.76328,3.79086,4.2197,106.818,106.89,110.646,110.285,122.996,123.14,105.879,105.301,101.401,101.401
2025Q4,4.46667,69.4667,133228,294860,5.6274e+06,728714,151669,218460,148.9,153.1,151.5,155.8,169.4,173.3,147.2,151.2,140.9,144.6,154.767,13,131,4751,450,168,318,21,369,5109,341,219,543,4.63617e+06,4.56667,100.867,-44,229,8063,-154,123,485,5.10333,5.10333,5.13,5.3,63.6283,11.7494,4.07865,3.84442,3.91395,3.9448,4,107.185,110.208,109.056,112.152,121.942,124.749,105.961,108.841,101.426,104.09
2026Q1,4.73333,69.7,133374,295426,5.63377e+06,729799,151757,219152,158.5,157.4,156.7,156.7,174.2,173.3,154.2,154.1,143,142,156.1,167,125,4098,400,50,456,37,327,5138,554,165,300,4.68747e+06,4.7,102.067,119,319,4851,-30,-3,458,5.06667,5.06667,5.11,5.29,80.208,11.3844,4.24258,4.07824,4.08579,4.08652,4,112.754,111.971,111.473,111.473,123.923,123.282,109.695,109.624,101.728,101.016
2026Q2,4.56667,69.8,133712,295009,5.6369e+06,729437,151761,218787,164.4,161,161.2,157.3,174.1,171,159.5,156.3,146.1,143.4,158.967,140,64,4759,299,258,516,187,162,4604,569,296,203,4.73716e+06,4.66667,102.867,164,-798,-1590,-2066,-215,-712,5.14333,5.14333,5.12,5.29,103.275,10.9505,4.37827,4.51988,4.40014,4.53272,4.14815,116.042,113.642,113.783,111.03,122.888,120.7,112.583,110.324,103.125,101.219
2026Q3,4.35,70,,,,,,,,,,,,,,,,,160.2,,,,,,,,,,,,,4.781e+06,4.6,103.65,,,,,,,5.305,5.305,,,96.3035,10.9366,4.42479,4.56593,4.43737,4.5922,4.26515,,,,,,,,,,
2026Q4,,,,,,,,,,,,,,,,,,,,,,,,,,,,,,,,,,,,,,,,,,,,,,10.875,4.636,4.85,4.71,4.778,4.5,,,,,,,,,,
