Sektor,Transaksjoner,ContentsCode,period,value,Sektor_label,Transaksjoner_label,ContentsCode_label
h140000,I3491UAB_,LPriser,1999K1,,Husholdninger,MEMO: Disponibel inntekt eksklusiv aksjeutbytte,Inntekter og utgifter. Ujustert (mill. kr)
h140000,I3491UAB_,LPriser,1999K2,,Husholdninger,MEMO: Disponibel inntekt eksklusiv aksjeutbytte,Inntekter og utgifter. Ujustert (mill. kr)
h140000,I3491UAB_,LPriser,1999K3,,Husholdninger,MEMO: Disponibel inntekt eksklusiv aksjeutbytte,Inntekter og utgifter. Ujustert (mill. kr)
h140000,I3491UAB_,LPriser,1999K4,,Husholdninger,MEMO: Disponibel inntekt eksklusiv aksjeutbytte,Inntekter og utgifter. Ujustert (mill. kr)
h140000,I3491UAB_,LPriser,2000K1,,Husholdninger,MEMO: Disponibel inntekt eksklusiv aksjeutbytte,Inntekter og utgifter. Ujustert (mill. kr)
h140000,I3491UAB_,LPriser,2000K2,,Husholdninger,MEMO: Disponibel inntekt eksklusiv aksjeutbytte,Inntekter og utgifter. Ujustert (mill. kr)
h140000,I3491UAB_,LPriser,2000K3,,Husholdninger,MEMO: Disponibel inntekt eksklusiv aksjeutbytte,Inntekter og utgifter. Ujustert (mill. kr)
h140000,I3491UAB_,LPriser,2000K4,,Husholdninger,MEMO: Disponibel inntekt eksklusiv aksjeutbytte,Inntekter og utgifter. Ujustert (mill. kr)
h140000,I3491UAB_,LPriser,2001K1,,Husholdninger,MEMO: Disponibel inntekt eksklusiv aksjeutbytte,Inntekter og utgifter. Ujustert (mill. kr)
h140000,I3491UAB_,LPriser,2001K2,,Husholdninger,MEMO: Disponibel inntekt eksklusiv aksjeutbytte,Inntekter og utgifter. Ujustert (mill. kr)
h140000,I3491UAB_,LPriser,2001K3,,Husholdninger,MEMO: Disponibel inntekt eksklusiv aksjeutbytte,Inntekter og utgifter. Ujustert (mill. kr)
h140000,I3491UAB_,LPriser,2001K4,,Husholdninger,MEMO: Disponibel inntekt eksklusiv aksjeutbytte,Inntekter og utgifter. Ujustert (mill. kr)
h140000,I3491UAB_,LPriser,2002K1,,Husholdninger,MEMO: Disponibel inntekt eksklusiv aksjeutbytte,Inntekter og utgifter. Ujustert (mill. kr)
h140000,I3491UAB_,LPriser,2002K2,,Husholdninger,MEMO: Disponibel inntekt eksklusiv aksjeutbytte,Inntekter og utgifter. Ujustert (mill. kr)
h140000,I3491UAB_,LPriser,2002K3,,Husholdninger,MEMO: Disponibel inntekt eksklusiv aksjeutbytte,Inntekter og utgifter. Ujustert (mill. kr)
h140000,I3491UAB_,LPriser,2002K4,,Husholdninger,MEMO: Disponibel inntekt eksklusiv aksjeutbytte,Inntekter og utgifter. Ujustert (mill. kr)
h140000,I3491UAB_,LPriser,2003K1,,Husholdninger,MEMO: Disponibel inntekt eksklusiv aksjeutbytte,Inntekter og utgifter. Ujustert (mill. kr)
h140000,I3491UAB_,LPriser,2003K2,,Husholdninger,MEMO: Disponibel inntekt eksklusiv aksjeutbytte,Inntekter og utgifter. Ujustert (mill. kr)
h140000,I3491UAB_,LPriser,2003K3,,Husholdninger,MEMO: Disponibel inntekt eksklusiv aksjeutbytte,Inntekter og utgifter. Ujustert (mill. kr)
h140000,I3491UAB_,LPriser,2003K4,,Husholdninger,MEMO: Disponibel inntekt eksklusiv aksjeutbytte,Inntekter og utgifter. Ujustert (mill. kr)
h140000,I3491UAB_,LPriser,2004K1,,Husholdninger,MEMO: Disponibel inntekt eksklusiv aksjeutbytte,Inntekter og utgifter. Ujustert (mill. kr)
h140000,I3491UAB_,LPriser,2004K2,,Husholdninger,MEMO: Disponibel inntekt eksklusiv aksjeutbytte,Inntekter og utgifter. Ujustert (mill. kr)
h140000,I3491UAB_,LPriser,2004K3,,Husholdninger,MEMO: Disponibel inntekt eksklusiv aksjeutbytte,Inntekter og utgifter. Ujustert (mill. kr)
h140000,I3491UAB_,LPriser,2004K4,,Husholdninger,MEMO: Disponibel inntekt eksklusiv aksjeutbytte,Inntekter og utgifter. Ujustert (mill. kr)
h140000,I3491UAB_,LPriser,2005K1,,Husholdninger,MEMO: Disponibel inntekt eksklusiv aksjeutbytte,Inntekter og utgifter. Ujustert (mill. kr)
h140000,I3491UAB_,LPriser,2005K2,,Husholdninger,MEMO: Disponibel inntekt eksklusiv aksjeutbytte,Inntekter og utgifter. Ujustert (mill. kr)
h140000,I3491UAB_,LPriser,2005K3,,Husholdninger,MEMO: Disponibel inntekt eksklusiv aksjeutbytte,Inntekter og utgifter. Ujustert (mill. kr)
h140000,I3491UAB_,LPriser,2005K4,,Husholdninger,MEMO: Disponibel inntekt eksklusiv aksjeutbytte,Inntekter og utgifter. Ujustert (mill. kr)
h140000,I3491UAB_,LPriser,2006K1,,Husholdninger,MEMO: Disponibel inntekt eksklusiv aksjeutbytte,Inntekter og utgifter. Ujustert (mill. kr)
h140000,I3491UAB_,LPriser,2006K2,,Husholdninger,MEMO: Disponibel inntekt eksklusiv aksjeutbytte,Inntekter og utgifter. Ujustert (mill. kr)
h140000,I3491UAB_,LPriser,2006K3,,Husholdninger,MEMO: Disponibel inntekt eksklusiv aksjeutbytte,Inntekter og utgifter. Ujustert (mill. kr)
h140000,I3491UAB_,LPriser,2006K4,,Husholdninger,MEMO: Disponibel inntekt eksklusiv aksjeutbytte,Inntekter og utgifter. Ujustert (mill. kr)
h140000,I3491UAB_,LPriser,2007K1,,Husholdninger,MEMO: Disponibel inntekt eksklusiv aksjeutbytte,Inntekter og utgifter. Ujustert (mill. kr)
h140000,I3491UAB_,LPriser,2007K2,,Husholdninger,MEMO: Disponibel inntekt eksklusiv aksjeutbytte,Inntekter og utgifter. Ujustert (mill. kr)
h140000,I3491UAB_,LPriser,2007K3,,Husholdninger,MEMO: Disponibel inntekt eksklusiv aksjeutbytte,Inntekter og utgifter. Ujustert (mill. kr)
h140000,I3491UAB_,LPriser,2007K4,,Husholdninger,MEMO: Disponibel inntekt eksklusiv aksjeutbytte,Inntekter og utgifter. Ujustert (mill. kr)
h140000,I3491UAB_,LPriser,2008K1,,Husholdninger,MEMO: Disponibel inntekt eksklusiv aksjeutbytte,Inntekter og utgifter. Ujustert (mill. kr)
h140000,I3491UAB_,LPriser,2008K2,,Husholdninger,MEMO: Disponibel inntekt eksklusiv aksjeutbytte,Inntekter og utgifter. Ujustert (mill. kr)
h140000,I3491UAB_,LPriser,2008K3,,Husholdninger,MEMO: Disponibel inntekt eksklusiv aksjeutbytte,Inntekter og utgifter. Ujustert (mill. kr)
h140000,I3491UAB_,LPriser,2008K4,,Husholdninger,MEMO: Disponibel inntekt eksklusiv aksjeutbytte,Inntekter og utgifter. Ujustert (mill. kr)
h140000,I3491UAB_,LPriser,2009K1,,Husholdninger,MEMO: Disponibel inntekt eksklusiv aksjeutbytte,Inntekter og utgifter. Ujustert (mill. kr)
h140000,I3491UAB_,LPriser,2009K2,,Husholdninger,MEMO: Disponibel inntekt eksklusiv aksjeutbytte,Inntekter og utgifter. Ujustert (mill. kr)
h140000,I3491UAB_,LPriser,2009K3,,Husholdninger,MEMO: Disponibel inntekt eksklusiv aksjeutbytte,Inntekter og utgifter. Ujustert (mill. kr)
h140000,I3491UAB_,LPriser,2009K4,,Husholdninger,MEMO: Disponibel inntekt eksklusiv aksjeutbytte,Inntekter og utgifter. Ujustert (mill. kr)
h140000,I3491UAB_,LPriser,2010K1,,Husholdninger,MEMO: Disponibel inntekt eksklusiv aksjeutbytte,Inntekter og utgifter. Ujustert (mill. kr)
h140000,I3491UAB_,LPriser,2010K2,,Husholdninger,MEMO: Disponibel inntekt eksklusiv aksjeutbytte,Inntekter og utgifter. Ujustert (mill. kr)
h140000,I3491UAB_,LPriser,2010K3,,Husholdninger,MEMO: Disponibel inntekt eksklusiv aksjeutbytte,Inntekter og utgifter. Ujustert (mill. kr)
h140000,I3491UAB_,LPriser,2010K4,,Husholdninger,MEMO: Disponibel inntekt eksklusiv aksjeutbytte,Inntekter og utgifter. Ujustert (mill. kr)
h140000,I3491UAB_,LPriser,2011K1,,Husholdninger,MEMO: Disponibel inntekt eksklusiv aksjeutbytte,Inntekter og utgifter. Ujustert (mill. kr)
h140000,I3491UAB_,LPriser,2011K2,,Husholdninger,MEMO: Disponibel inntekt eksklusiv aksjeutbytte,Inntekter og utgifter. Ujustert (mill. kr)
h140000,I3491UAB_,LPriser,2011K3,,Husholdninger,MEMO: Disponibel inntekt eksklusiv aksjeutbytte,Inntekter og utgifter. Ujustert (mill. kr)
h140000,I3491UAB_,LPriser,2011K4,,Husholdninger,MEMO: Disponibel inntekt eksklusiv aksjeutbytte,Inntekter og utgifter. Ujustert (mill. kr)
h140000,I3491UAB_,LPriser,2012K1,,Husholdninger,MEMO: Disponibel inntekt eksklusiv aksjeutbytte,Inntekter og utgifter. Ujustert (mill. kr)
h140000,I3491UAB_,LPriser,2012K2,,Husholdninger,MEMO: Disponibel inntekt eksklusiv aksjeutbytte,Inntekter og utgifter. Ujustert (mill. kr)
h140000,I3491UAB_,LPriser,2012K3,,Husholdninger,MEMO: Disponibel inntekt eksklusiv aksjeutbytte,Inntekter og utgifter. Ujustert (mill. kr)
h140000,I3491UAB_,LPriser,2012K4,,Husholdninger,MEMO: Disponibel inntekt eksklusiv aksjeutbytte,Inntekter og utgifter. Ujustert (mill. kr)
h140000,I3491UAB_,LPriser,2013K1,,Husholdninger,MEMO: Disponibel inntekt eksklusiv aksjeutbytte,Inntekter og utgifter. Ujustert (mill. kr)
h140000,I3491UAB_,LPriser,2013K2,,Husholdninger,MEMO: Disponibel inntekt eksklusiv aksjeutbytte,Inntekter og utgifter. Ujustert (mill. kr)
h140000,I3491UAB_,LPriser,2013K3,,Husholdninger,MEMO: Disponibel inntekt eksklusiv aksjeutbytte,Inntekter og utgifter. Ujustert (mill. kr)
h140000,I3491UAB_,LPriser,2013K4,,Husholdninger,MEMO: Disponibel inntekt eksklusiv aksjeutbytte,Inntekter og utgifter. Ujustert (mill. kr)
h140000,I3491UAB_,LPriser,2014K1,,Husholdninger,MEMO: Disponibel inntekt eksklusiv aksjeutbytte,Inntekter og utgifter. Ujustert (mill. kr)
h140000,I3491UAB_,LPriser,2014K2,,Husholdninger,MEMO: Disponibel inntekt eksklusiv aksjeutbytte,Inntekter og utgifter. Ujustert (mill. kr)
h140000,I3491UAB_,LPriser,2014K3,,Husholdninger,MEMO: Disponibel inntekt eksklusiv aksjeutbytte,Inntekter og utgifter. Ujustert (mill. kr)
h140000,I3491UAB_,LPriser,2014K4,,Husholdninger,MEMO: Disponibel inntekt eksklusiv aksjeutbytte,Inntekter og utgifter. Ujustert (mill. kr)
h140000,I3491UAB_,LPriser,2015K1,,Husholdninger,MEMO: Disponibel inntekt eksklusiv aksjeutbytte,Inntekter og utgifter. Ujustert (mill. kr)
h140000,I3491UAB_,LPriser,2015K2,,Husholdninger,MEMO: Disponibel inntekt eksklusiv aksjeutbytte,Inntekter og utgifter. Ujustert (mill. kr)
h140000,I3491UAB_,LPriser,2015K3,,Husholdninger,MEMO: Disponibel inntekt eksklusiv aksjeutbytte,Inntekter og utgifter. Ujustert (mill. kr)
h140000,I3491UAB_,LPriser,2015K4,,Husholdninger,MEMO: Disponibel inntekt eksklusiv aksjeutbytte,Inntekter og utgifter. Ujustert (mill. kr)
h140000,I3491UAB_,LPriser,2016K1,,Husholdninger,MEMO: Disponibel inntekt eksklusiv aksjeutbytte,Inntekter og utgifter. Ujustert (mill. kr)
h140000,I3491UAB_,LPriser,2016K2,,Husholdninger,MEMO: Disponibel inntekt eksklusiv aksjeutbytte,Inntekter og utgifter. Ujustert (mill. kr)
h140000,I3491UAB_,LPriser,2016K3,,Husholdninger,MEMO: Disponibel inntekt eksklusiv aksjeutbytte,Inntekter og utgifter. Ujustert (mill. kr)
h140000,I3491UAB_,LPriser,2016K4,,Husholdninger,MEMO: Disponibel inntekt eksklusiv aksjeutbytte,Inntekter og utgifter. Ujustert (mill. kr)
h140000,I3491UAB_,LPriser,2017K1,,Husholdninger,MEMO: Disponibel inntekt eksklusiv aksjeutbytte,Inntekter og utgifter. Ujustert (mill. kr)
h140000,I3491UAB_,LPriser,2017K2,,Husholdninger,MEMO: Disponibel inntekt eksklusiv aksjeutbytte,Inntekter og utgifter. Ujustert (mill. kr)
h140000,I3491UAB_,LPriser,2017K3,,Husholdninger,MEMO: Disponibel inntekt eksklusiv aksjeutbytte,Inntekter og utgifter. Ujustert (mill. kr)
h140000,I3491UAB_,LPriser,2017K4,,Husholdninger,MEMO: Disponibel inntekt eksklusiv aksjeutbytte,Inntekter og utgifter. Ujustert (mill. kr)
h140000,I3491UAB_,LPriser,2018K1,,Husholdninger,MEMO: Disponibel inntekt eksklusiv aksjeutbytte,Inntekter og utgifter. Ujustert (mill. kr)
h140000,I3491UAB_,LPriser,2018K2,,Husholdninger,MEMO: Disponibel inntekt eksklusiv aksjeutbytte,Inntekter og utgifter. Ujustert (mill. kr)
h140000,I3491UAB_,LPriser,2018K3,,Husholdninger,MEMO: Disponibel inntekt eksklusiv aksjeutbytte,Inntekter og utgifter. Ujustert (mill. kr)
h140000,I3491UAB_,LPriser,2018K4,,Husholdninger,MEMO: Disponibel inntekt eksklusiv aksjeutbytte,Inntekter og utgifter. Ujustert (mill. kr)
h140000,I3491UAB_,LPriser,2019K1,,Husholdninger,MEMO: Disponibel inntekt eksklusiv aksjeutbytte,Inntekter og utgifter. Ujustert (mill. kr)
h140000,I3491UAB_,LPriser,2019K2,,Husholdninger,MEMO: Disponibel inntekt eksklusiv aksjeutbytte,Inntekter og utgifter. Ujustert (mill. kr)
h140000,I3491UAB_,LPriser,2019K3,,Husholdninger,MEMO: Disponibel inntekt eksklusiv aksjeutbytte,Inntekter og utgifter. Ujustert (mill. kr)
h140000,I3491UAB_,LPriser,2019K4,,Husholdninger,MEMO: Disponibel inntekt eksklusiv aksjeutbytte,Inntekter og utgifter. Ujustert (mill. kr)
h140000,I3491UAB_,LPriser,2020K1,,Husholdninger,MEMO: Disponibel inntekt eksklusiv aksjeutbytte,Inntekter og utgifter. Ujustert (mill. kr)
h140000,I3491UAB_,LPriser,2020K2,,Husholdninger,MEMO: Disponibel inntekt eksklusiv aksjeutbytte,Inntekter og utgifter. Ujustert (mill. kr)
h140000,I3491UAB_,LPriser,2020K3,,Husholdninger,MEMO: Disponibel inntekt eksklusiv aksjeutbytte,Inntekter og utgifter. Ujustert (mill. kr)
h140000,I3491UAB_,LPriser,2020K4,,Husholdninger,MEMO: Disponibel inntekt eksklusiv aksjeutbytte,Inntekter og utgifter. Ujustert (mill. kr)
h140000,I3491UAB_,LPriser,2021K1,,Husholdninger,MEMO: Disponibel inntekt eksklusiv aksjeutbytte,Inntekter og utgifter. Ujustert (mill. kr)
h140000,I3491UAB_,LPriser,2021K2,,Husholdninger,MEMO: Disponibel inntekt eksklusiv aksjeutbytte,Inntekter og utgifter. Ujustert (mill. kr)
h140000,I3491UAB_,LPriser,2021K3,,Husholdninger,MEMO: Disponibel inntekt eksklusiv aksjeutbytte,Inntekter og utgifter. Ujustert (mill. kr)
h140000,I3491UAB_,LPriser,2021K4,,Husholdninger,MEMO: Disponibel inntekt eksklusiv aksjeutbytte,Inntekter og utgifter. Ujustert (mill. kr)
h140000,I3491UAB_,LPriser,2022K1,,Husholdninger,MEMO: Disponibel inntekt eksklusiv aksjeutbytte,Inntekter og utgifter. Ujustert (mill. kr)
h140000,I3491UAB_,LPriser,2022K2,,Husholdninger,MEMO: Disponibel inntekt eksklusiv aksjeutbytte,Inntekter og utgifter. Ujustert (mill. kr)
h140000,I3491UAB_,LPriser,2022K3,,Husholdninger,MEMO: Disponibel inntekt eksklusiv aksjeutbytte,Inntekter og utgifter. Ujustert (mill. kr)
h140000,I3491UAB_,LPriser,2022K4,,Husholdninger,MEMO: Disponibel inntekt eksklusiv aksjeutbytte,Inntekter og utgifter. Ujustert (mill. kr)
h140000,I3491UAB_,LPriser,2023K1,,Husholdninger,MEMO: Disponibel inntekt eksklusiv aksjeutbytte,Inntekter og utgifter. Ujustert (mill. kr)
h140000,I3491UAB_,LPriser,2023K2,,Husholdninger,MEMO: Disponibel inntekt eksklusiv aksjeutbytte,Inntekter og utgifter. Ujustert (mill. kr)
h140000,I3491UAB_,LPriser,2023K3,,Husholdninger,MEMO: Disponibel inntekt eksklusiv aksjeutbytte,Inntekter og utgifter. Ujustert (mill. kr)
h140000,I3491UAB_,LPriser,2023K4,,Husholdninger,MEMO: Disponibel inntekt eksklusiv aksjeutbytte,Inntekter og utgifter. Ujustert (mill. kr)
h140000,I3491UAB_,LPriser,2024K1,,Husholdninger,MEMO: Disponibel inntekt eksklusiv aksjeutbytte,Inntekter og utgifter. Ujustert (mill. kr)
h140000,I3491UAB_,LPriser,2024K2,,Husholdninger,MEMO: Disponibel inntekt eksklusiv aksjeutbytte,Inntekter og utgifter. Ujustert (mill. kr)
h140000,I3491UAB_,LPriser,2024K3,,Husholdninger,MEMO: Disponibel inntekt eksklusiv aksjeutbytte,Inntekter og utgifter. Ujustert (mill. kr)
h140000,I3491UAB_,LPriser,2024K4,,Husholdninger,MEMO: Disponibel inntekt eksklusiv aksjeutbytte,Inntekter og utgifter. Ujustert (mill. kr)
h140000,I3491UAB_,LPriser,2025K1,,Husholdninger,MEMO: Disponibel inntekt eksklusiv aksjeutbytte,Inntekter og utgifter. Ujustert (mill. kr)
h140000,I3491UAB_,LPriser,2025K2,,Husholdninger,MEMO: Disponibel inntekt eksklusiv aksjeutbytte,Inntekter og utgifter. Ujustert (mill. kr)
h140000,I3491UAB_,LPriser,2025K3,,Husholdninger,MEMO: Disponibel inntekt eksklusiv aksjeutbytte,Inntekter og utgifter. Ujustert (mill. kr)
h140000,I3491UAB_,LPriser,2025K4,,Husholdninger,MEMO: Disponibel inntekt eksklusiv aksjeutbytte,Inntekter og utgifter. Ujustert (mill. kr)
h140000,I3491UAB_,LPriser,2026K1,,Husholdninger,MEMO: Disponibel inntekt eksklusiv aksjeutbytte,Inntekter og utgifter. Ujustert (mill. kr)
h140000,I3491UAB_,LPriser,2026K2,,Husholdninger,MEMO: Disponibel inntekt eksklusiv aksjeutbytte,Inntekter og utgifter. Ujustert (mill. kr)
h140000,I3491UAB_,LPriserS,1999K1,,Husholdninger,MEMO: Disponibel inntekt eksklusiv aksjeutbytte,Inntekter og utgifter. Sesongjustert (mill kr)
h140000,I3491UAB_,LPriserS,1999K2,,Husholdninger,MEMO: Disponibel inntekt eksklusiv aksjeutbytte,Inntekter og utgifter. Sesongjustert (mill kr)
h140000,I3491UAB_,LPriserS,1999K3,,Husholdninger,MEMO: Disponibel inntekt eksklusiv aksjeutbytte,Inntekter og utgifter. Sesongjustert (mill kr)
h140000,I3491UAB_,LPriserS,1999K4,,Husholdninger,MEMO: Disponibel inntekt eksklusiv aksjeutbytte,Inntekter og utgifter. Sesongjustert (mill kr)
h140000,I3491UAB_,LPriserS,2000K1,,Husholdninger,MEMO: Disponibel inntekt eksklusiv aksjeutbytte,Inntekter og utgifter. Sesongjustert (mill kr)
h140000,I3491UAB_,LPriserS,2000K2,,Husholdninger,MEMO: Disponibel inntekt eksklusiv aksjeutbytte,Inntekter og utgifter. Sesongjustert (mill kr)
h140000,I3491UAB_,LPriserS,2000K3,,Husholdninger,MEMO: Disponibel inntekt eksklusiv aksjeutbytte,Inntekter og utgifter. Sesongjustert (mill kr)
h140000,I3491UAB_,LPriserS,2000K4,,Husholdninger,MEMO: Disponibel inntekt eksklusiv aksjeutbytte,Inntekter og utgifter. Sesongjustert (mill kr)
h140000,I3491UAB_,LPriserS,2001K1,,Husholdninger,MEMO: Disponibel inntekt eksklusiv aksjeutbytte,Inntekter og utgifter. Sesongjustert (mill kr)
h140000,I3491UAB_,LPriserS,2001K2,,Husholdninger,MEMO: Disponibel inntekt eksklusiv aksjeutbytte,Inntekter og utgifter. Sesongjustert (mill kr)
h140000,I3491UAB_,LPriserS,2001K3,,Husholdninger,MEMO: Disponibel inntekt eksklusiv aksjeutbytte,Inntekter og utgifter. Sesongjustert (mill kr)
h140000,I3491UAB_,LPriserS,2001K4,,Husholdninger,MEMO: Disponibel inntekt eksklusiv aksjeutbytte,Inntekter og utgifter. Sesongjustert (mill kr)
h140000,I3491UAB_,LPriserS,2002K1,,Husholdninger,MEMO: Disponibel inntekt eksklusiv aksjeutbytte,Inntekter og utgifter. Sesongjustert (mill kr)
h140000,I3491UAB_,LPriserS,2002K2,,Husholdninger,MEMO: Disponibel inntekt eksklusiv aksjeutbytte,Inntekter og utgifter. Sesongjustert (mill kr)
h140000,I3491UAB_,LPriserS,2002K3,,Husholdninger,MEMO: Disponibel inntekt eksklusiv aksjeutbytte,Inntekter og utgifter. Sesongjustert (mill kr)
h140000,I3491UAB_,LPriserS,2002K4,,Husholdninger,MEMO: Disponibel inntekt eksklusiv aksjeutbytte,Inntekter og utgifter. Sesongjustert (mill kr)
h140000,I3491UAB_,LPriserS,2003K1,,Husholdninger,MEMO: Disponibel inntekt eksklusiv aksjeutbytte,Inntekter og utgifter. Sesongjustert (mill kr)
h140000,I3491UAB_,LPriserS,2003K2,,Husholdninger,MEMO: Disponibel inntekt eksklusiv aksjeutbytte,Inntekter og utgifter. Sesongjustert (mill kr)
h140000,I3491UAB_,LPriserS,2003K3,,Husholdninger,MEMO: Disponibel inntekt eksklusiv aksjeutbytte,Inntekter og utgifter. Sesongjustert (mill kr)
h140000,I3491UAB_,LPriserS,2003K4,,Husholdninger,MEMO: Disponibel inntekt eksklusiv aksjeutbytte,Inntekter og utgifter. Sesongjustert (mill kr)
h140000,I3491UAB_,LPriserS,2004K1,,Husholdninger,MEMO: Disponibel inntekt eksklusiv aksjeutbytte,Inntekter og utgifter. Sesongjustert (mill kr)
h140000,I3491UAB_,LPriserS,2004K2,,Husholdninger,MEMO: Disponibel inntekt eksklusiv aksjeutbytte,Inntekter og utgifter. Sesongjustert (mill kr)
h140000,I3491UAB_,LPriserS,2004K3,,Husholdninger,MEMO: Disponibel inntekt eksklusiv aksjeutbytte,Inntekter og utgifter. Sesongjustert (mill kr)
h140000,I3491UAB_,LPriserS,2004K4,,Husholdninger,MEMO: Disponibel inntekt eksklusiv aksjeutbytte,Inntekter og utgifter. Sesongjustert (mill kr)
h140000,I3491UAB_,LPriserS,2005K1,,Husholdninger,MEMO: Disponibel inntekt eksklusiv aksjeutbytte,Inntekter og utgifter. Sesongjustert (mill kr)
h140000,I3491UAB_,LPriserS,2005K2,,Husholdninger,MEMO: Disponibel inntekt eksklusiv aksjeutbytte,Inntekter og utgifter. Sesongjustert (mill kr)
h140000,I3491UAB_,LPriserS,2005K3,,Husholdninger,MEMO: Disponibel inntekt eksklusiv aksjeutbytte,Inntekter og utgifter. Sesongjustert (mill kr)
h140000,I3491UAB_,LPriserS,2005K4,,Husholdninger,MEMO: Disponibel inntekt eksklusiv aksjeutbytte,Inntekter og utgifter. Sesongjustert (mill kr)
h140000,I3491UAB_,LPriserS,2006K1,,Husholdninger,MEMO: Disponibel inntekt eksklusiv aksjeutbytte,Inntekter og utgifter. Sesongjustert (mill kr)
h140000,I3491UAB_,LPriserS,2006K2,,Husholdninger,MEMO: Disponibel inntekt eksklusiv aksjeutbytte,Inntekter og utgifter. Sesongjustert (mill kr)
h140000,I3491UAB_,LPriserS,2006K3,,Husholdninger,MEMO: Disponibel inntekt eksklusiv aksjeutbytte,Inntekter og utgifter. Sesongjustert (mill kr)
h140000,I3491UAB_,LPriserS,2006K4,,Husholdninger,MEMO: Disponibel inntekt eksklusiv aksjeutbytte,Inntekter og utgifter. Sesongjustert (mill kr)
h140000,I3491UAB_,LPriserS,2007K1,,Husholdninger,MEMO: Disponibel inntekt eksklusiv aksjeutbytte,Inntekter og utgifter. Sesongjustert (mill kr)
h140000,I3491UAB_,LPriserS,2007K2,,Husholdninger,MEMO: Disponibel inntekt eksklusiv aksjeutbytte,Inntekter og utgifter. Sesongjustert (mill kr)
h140000,I3491UAB_,LPriserS,2007K3,,Husholdninger,MEMO: Disponibel inntekt eksklusiv aksjeutbytte,Inntekter og utgifter. Sesongjustert (mill kr)
h140000,I3491UAB_,LPriserS,2007K4,,Husholdninger,MEMO: Disponibel inntekt eksklusiv aksjeutbytte,Inntekter og utgifter. Sesongjustert (mill kr)
h140000,I3491UAB_,LPriserS,2008K1,,Husholdninger,MEMO: Disponibel inntekt eksklusiv aksjeutbytte,Inntekter og utgifter. Sesongjustert (mill kr)
h140000,I3491UAB_,LPriserS,2008K2,,Husholdninger,MEMO: Disponibel inntekt eksklusiv aksjeutbytte,Inntekter og utgifter. Sesongjustert (mill kr)
h140000,I3491UAB_,LPriserS,2008K3,,Husholdninger,MEMO: Disponibel inntekt eksklusiv aksjeutbytte,Inntekter og utgifter. Sesongjustert (mill kr)
h140000,I3491UAB_,LPriserS,2008K4,,Husholdninger,MEMO: Disponibel inntekt eksklusiv aksjeutbytte,Inntekter og utgifter. Sesongjustert (mill kr)
h140000,I3491UAB_,LPriserS,2009K1,,Husholdninger,MEMO: Disponibel inntekt eksklusiv aksjeutbytte,Inntekter og utgifter. Sesongjustert (mill kr)
h140000,I3491UAB_,LPriserS,2009K2,,Husholdninger,MEMO: Disponibel inntekt eksklusiv aksjeutbytte,Inntekter og utgifter. Sesongjustert (mill kr)
h140000,I3491UAB_,LPriserS,2009K3,,Husholdninger,MEMO: Disponibel inntekt eksklusiv aksjeutbytte,Inntekter og utgifter. Sesongjustert (mill kr)
h140000,I3491UAB_,LPriserS,2009K4,,Husholdninger,MEMO: Disponibel inntekt eksklusiv aksjeutbytte,Inntekter og utgifter. Sesongjustert (mill kr)
h140000,I3491UAB_,LPriserS,2010K1,,Husholdninger,MEMO: Disponibel inntekt eksklusiv aksjeutbytte,Inntekter og utgifter. Sesongjustert (mill kr)
h140000,I3491UAB_,LPriserS,2010K2,,Husholdninger,MEMO: Disponibel inntekt eksklusiv aksjeutbytte,Inntekter og utgifter. Sesongjustert (mill kr)
h140000,I3491UAB_,LPriserS,2010K3,,Husholdninger,MEMO: Disponibel inntekt eksklusiv aksjeutbytte,Inntekter og utgifter. Sesongjustert (mill kr)
h140000,I3491UAB_,LPriserS,2010K4,,Husholdninger,MEMO: Disponibel inntekt eksklusiv aksjeutbytte,Inntekter og utgifter. Sesongjustert (mill kr)
h140000,I3491UAB_,LPriserS,2011K1,,Husholdninger,MEMO: Disponibel inntekt eksklusiv aksjeutbytte,Inntekter og utgifter. Sesongjustert (mill kr)
h140000,I3491UAB_,LPriserS,2011K2,,Husholdninger,MEMO: Disponibel inntekt eksklusiv aksjeutbytte,Inntekter og utgifter. Sesongjustert (mill kr)
h140000,I3491UAB_,LPriserS,2011K3,,Husholdninger,MEMO: Disponibel inntekt eksklusiv aksjeutbytte,Inntekter og utgifter. Sesongjustert (mill kr)
h140000,I3491UAB_,LPriserS,2011K4,,Husholdninger,MEMO: Disponibel inntekt eksklusiv aksjeutbytte,Inntekter og utgifter. Sesongjustert (mill kr)
h140000,I3491UAB_,LPriserS,2012K1,,Husholdninger,MEMO: Disponibel inntekt eksklusiv aksjeutbytte,Inntekter og utgifter. Sesongjustert (mill kr)
h140000,I3491UAB_,LPriserS,2012K2,,Husholdninger,MEMO: Disponibel inntekt eksklusiv aksjeutbytte,Inntekter og utgifter. Sesongjustert (mill kr)
h140000,I3491UAB_,LPriserS,2012K3,,Husholdninger,MEMO: Disponibel inntekt eksklusiv aksjeutbytte,Inntekter og utgifter. Sesongjustert (mill kr)
h140000,I3491UAB_,LPriserS,2012K4,,Husholdninger,MEMO: Disponibel inntekt eksklusiv aksjeutbytte,Inntekter og utgifter. Sesongjustert (mill kr)
h140000,I3491UAB_,LPriserS,2013K1,,Husholdninger,MEMO: Disponibel inntekt eksklusiv aksjeutbytte,Inntekter og utgifter. Sesongjustert (mill kr)
h140000,I3491UAB_,LPriserS,2013K2,,Husholdninger,MEMO: Disponibel inntekt eksklusiv aksjeutbytte,Inntekter og utgifter. Sesongjustert (mill kr)
h140000,I3491UAB_,LPriserS,2013K3,,Husholdninger,MEMO: Disponibel inntekt eksklusiv aksjeutbytte,Inntekter og utgifter. Sesongjustert (mill kr)
h140000,I3491UAB_,LPriserS,2013K4,,Husholdninger,MEMO: Disponibel inntekt eksklusiv aksjeutbytte,Inntekter og utgifter. Sesongjustert (mill kr)
h140000,I3491UAB_,LPriserS,2014K1,,Husholdninger,MEMO: Disponibel inntekt eksklusiv aksjeutbytte,Inntekter og utgifter. Sesongjustert (mill kr)
h140000,I3491UAB_,LPriserS,2014K2,,Husholdninger,MEMO: Disponibel inntekt eksklusiv aksjeutbytte,Inntekter og utgifter. Sesongjustert (mill kr)
h140000,I3491UAB_,LPriserS,2014K3,,Husholdninger,MEMO: Disponibel inntekt eksklusiv aksjeutbytte,Inntekter og utgifter. Sesongjustert (mill kr)
h140000,I3491UAB_,LPriserS,2014K4,,Husholdninger,MEMO: Disponibel inntekt eksklusiv aksjeutbytte,Inntekter og utgifter. Sesongjustert (mill kr)
h140000,I3491UAB_,LPriserS,2015K1,,Husholdninger,MEMO: Disponibel inntekt eksklusiv aksjeutbytte,Inntekter og utgifter. Sesongjustert (mill kr)
h140000,I3491UAB_,LPriserS,2015K2,,Husholdninger,MEMO: Disponibel inntekt eksklusiv aksjeutbytte,Inntekter og utgifter. Sesongjustert (mill kr)
h140000,I3491UAB_,LPriserS,2015K3,,Husholdninger,MEMO: Disponibel inntekt eksklusiv aksjeutbytte,Inntekter og utgifter. Sesongjustert (mill kr)
h140000,I3491UAB_,LPriserS,2015K4,,Husholdninger,MEMO: Disponibel inntekt eksklusiv aksjeutbytte,Inntekter og utgifter. Sesongjustert (mill kr)
h140000,I3491UAB_,LPriserS,2016K1,,Husholdninger,MEMO: Disponibel inntekt eksklusiv aksjeutbytte,Inntekter og utgifter. Sesongjustert (mill kr)
h140000,I3491UAB_,LPriserS,2016K2,,Husholdninger,MEMO: Disponibel inntekt eksklusiv aksjeutbytte,Inntekter og utgifter. Sesongjustert (mill kr)
h140000,I3491UAB_,LPriserS,2016K3,,Husholdninger,MEMO: Disponibel inntekt eksklusiv aksjeutbytte,Inntekter og utgifter. Sesongjustert (mill kr)
h140000,I3491UAB_,LPriserS,2016K4,,Husholdninger,MEMO: Disponibel inntekt eksklusiv aksjeutbytte,Inntekter og utgifter. Sesongjustert (mill kr)
h140000,I3491UAB_,LPriserS,2017K1,,Husholdninger,MEMO: Disponibel inntekt eksklusiv aksjeutbytte,Inntekter og utgifter. Sesongjustert (mill kr)
h140000,I3491UAB_,LPriserS,2017K2,,Husholdninger,MEMO: Disponibel inntekt eksklusiv aksjeutbytte,Inntekter og utgifter. Sesongjustert (mill kr)
h140000,I3491UAB_,LPriserS,2017K3,,Husholdninger,MEMO: Disponibel inntekt eksklusiv aksjeutbytte,Inntekter og utgifter. Sesongjustert (mill kr)
h140000,I3491UAB_,LPriserS,2017K4,,Husholdninger,MEMO: Disponibel inntekt eksklusiv aksjeutbytte,Inntekter og utgifter. Sesongjustert (mill kr)
h140000,I3491UAB_,LPriserS,2018K1,,Husholdninger,MEMO: Disponibel inntekt eksklusiv aksjeutbytte,Inntekter og utgifter. Sesongjustert (mill kr)
h140000,I3491UAB_,LPriserS,2018K2,,Husholdninger,MEMO: Disponibel inntekt eksklusiv aksjeutbytte,Inntekter og utgifter. Sesongjustert (mill kr)
h140000,I3491UAB_,LPriserS,2018K3,,Husholdninger,MEMO: Disponibel inntekt eksklusiv aksjeutbytte,Inntekter og utgifter. Sesongjustert (mill kr)
h140000,I3491UAB_,LPriserS,2018K4,,Husholdninger,MEMO: Disponibel inntekt eksklusiv aksjeutbytte,Inntekter og utgifter. Sesongjustert (mill kr)
h140000,I3491UAB_,LPriserS,2019K1,,Husholdninger,MEMO: Disponibel inntekt eksklusiv aksjeutbytte,Inntekter og utgifter. Sesongjustert (mill kr)
h140000,I3491UAB_,LPriserS,2019K2,,Husholdninger,MEMO: Disponibel inntekt eksklusiv aksjeutbytte,Inntekter og utgifter. Sesongjustert (mill kr)
h140000,I3491UAB_,LPriserS,2019K3,,Husholdninger,MEMO: Disponibel inntekt eksklusiv aksjeutbytte,Inntekter og utgifter. Sesongjustert (mill kr)
h140000,I3491UAB_,LPriserS,2019K4,,Husholdninger,MEMO: Disponibel inntekt eksklusiv aksjeutbytte,Inntekter og utgifter. Sesongjustert (mill kr)
h140000,I3491UAB_,LPriserS,2020K1,,Husholdninger,MEMO: Disponibel inntekt eksklusiv aksjeutbytte,Inntekter og utgifter. Sesongjustert (mill kr)
h140000,I3491UAB_,LPriserS,2020K2,,Husholdninger,MEMO: Disponibel inntekt eksklusiv aksjeutbytte,Inntekter og utgifter. Sesongjustert (mill kr)
h140000,I3491UAB_,LPriserS,2020K3,,Husholdninger,MEMO: Disponibel inntekt eksklusiv aksjeutbytte,Inntekter og utgifter. Sesongjustert (mill kr)
h140000,I3491UAB_,LPriserS,2020K4,,Husholdninger,MEMO: Disponibel inntekt eksklusiv aksjeutbytte,Inntekter og utgifter. Sesongjustert (mill kr)
h140000,I3491UAB_,LPriserS,2021K1,,Husholdninger,MEMO: Disponibel inntekt eksklusiv aksjeutbytte,Inntekter og utgifter. Sesongjustert (mill kr)
h140000,I3491UAB_,LPriserS,2021K2,,Husholdninger,MEMO: Disponibel inntekt eksklusiv aksjeutbytte,Inntekter og utgifter. Sesongjustert (mill kr)
h140000,I3491UAB_,LPriserS,2021K3,,Husholdninger,MEMO: Disponibel inntekt eksklusiv aksjeutbytte,Inntekter og utgifter. Sesongjustert (mill kr)
h140000,I3491UAB_,LPriserS,2021K4,,Husholdninger,MEMO: Disponibel inntekt eksklusiv aksjeutbytte,Inntekter og utgifter. Sesongjustert (mill kr)
h140000,I3491UAB_,LPriserS,2022K1,,Husholdninger,MEMO: Disponibel inntekt eksklusiv aksjeutbytte,Inntekter og utgifter. Sesongjustert (mill kr)
h140000,I3491UAB_,LPriserS,2022K2,,Husholdninger,MEMO: Disponibel inntekt eksklusiv aksjeutbytte,Inntekter og utgifter. Sesongjustert (mill kr)
h140000,I3491UAB_,LPriserS,2022K3,,Husholdninger,MEMO: Disponibel inntekt eksklusiv aksjeutbytte,Inntekter og utgifter. Sesongjustert (mill kr)
h140000,I3491UAB_,LPriserS,2022K4,,Husholdninger,MEMO: Disponibel inntekt eksklusiv aksjeutbytte,Inntekter og utgifter. Sesongjustert (mill kr)
h140000,I3491UAB_,LPriserS,2023K1,,Husholdninger,MEMO: Disponibel inntekt eksklusiv aksjeutbytte,Inntekter og utgifter. Sesongjustert (mill kr)
h140000,I3491UAB_,LPriserS,2023K2,,Husholdninger,MEMO: Disponibel inntekt eksklusiv aksjeutbytte,Inntekter og utgifter. Sesongjustert (mill kr)
h140000,I3491UAB_,LPriserS,2023K3,,Husholdninger,MEMO: Disponibel inntekt eksklusiv aksjeutbytte,Inntekter og utgifter. Sesongjustert (mill kr)
h140000,I3491UAB_,LPriserS,2023K4,,Husholdninger,MEMO: Disponibel inntekt eksklusiv aksjeutbytte,Inntekter og utgifter. Sesongjustert (mill kr)
h140000,I3491UAB_,LPriserS,2024K1,,Husholdninger,MEMO: Disponibel inntekt eksklusiv aksjeutbytte,Inntekter og utgifter. Sesongjustert (mill kr)
h140000,I3491UAB_,LPriserS,2024K2,,Husholdninger,MEMO: Disponibel inntekt eksklusiv aksjeutbytte,Inntekter og utgifter. Sesongjustert (mill kr)
h140000,I3491UAB_,LPriserS,2024K3,,Husholdninger,MEMO: Disponibel inntekt eksklusiv aksjeutbytte,Inntekter og utgifter. Sesongjustert (mill kr)
h140000,I3491UAB_,LPriserS,2024K4,,Husholdninger,MEMO: Disponibel inntekt eksklusiv aksjeutbytte,Inntekter og utgifter. Sesongjustert (mill kr)
h140000,I3491UAB_,LPriserS,2025K1,,Husholdninger,MEMO: Disponibel inntekt eksklusiv aksjeutbytte,Inntekter og utgifter. Sesongjustert (mill kr)
h140000,I3491UAB_,LPriserS,2025K2,,Husholdninger,MEMO: Disponibel inntekt eksklusiv aksjeutbytte,Inntekter og utgifter. Sesongjustert (mill kr)
h140000,I3491UAB_,LPriserS,2025K3,,Husholdninger,MEMO: Disponibel inntekt eksklusiv aksjeutbytte,Inntekter og utgifter. Sesongjustert (mill kr)
h140000,I3491UAB_,LPriserS,2025K4,,Husholdninger,MEMO: Disponibel inntekt eksklusiv aksjeutbytte,Inntekter og utgifter. Sesongjustert (mill kr)
h140000,I3491UAB_,LPriserS,2026K1,,Husholdninger,MEMO: Disponibel inntekt eksklusiv aksjeutbytte,Inntekter og utgifter. Sesongjustert (mill kr)
h140000,I3491UAB_,LPriserS,2026K2,,Husholdninger,MEMO: Disponibel inntekt eksklusiv aksjeutbytte,Inntekter og utgifter. Sesongjustert (mill kr)
