Laangiver960,Utlanstype,Sektor,ContentsCode,period,value,Laangiver960_label,Utlanstype_label,Sektor_label,ContentsCode_label
02,00b,04b,Utlaan,1979K4,,Banker og kredittforetak,Totale utlån,Husholdninger,Renter på utestående utlån
02,00b,04b,Utlaan,1980K1,,Banker og kredittforetak,Totale utlån,Husholdninger,Renter på utestående utlån
02,00b,04b,Utlaan,1980K2,,Banker og kredittforetak,Totale utlån,Husholdninger,Renter på utestående utlån
02,00b,04b,Utlaan,1980K3,,Banker og kredittforetak,Totale utlån,Husholdninger,Renter på utestående utlån
02,00b,04b,Utlaan,1980K4,,Banker og kredittforetak,Totale utlån,Husholdninger,Renter på utestående utlån
02,00b,04b,Utlaan,1981K1,,Banker og kredittforetak,Totale utlån,Husholdninger,Renter på utestående utlån
02,00b,04b,Utlaan,1981K2,,Banker og kredittforetak,Totale utlån,Husholdninger,Renter på utestående utlån
02,00b,04b,Utlaan,1981K3,,Banker og kredittforetak,Totale utlån,Husholdninger,Renter på utestående utlån
02,00b,04b,Utlaan,1981K4,,Banker og kredittforetak,Totale utlån,Husholdninger,Renter på utestående utlån
02,00b,04b,Utlaan,1982K1,,Banker og kredittforetak,Totale utlån,Husholdninger,Renter på utestående utlån
02,00b,04b,Utlaan,1982K2,,Banker og kredittforetak,Totale utlån,Husholdninger,Renter på utestående utlån
02,00b,04b,Utlaan,1982K3,,Banker og kredittforetak,Totale utlån,Husholdninger,Renter på utestående utlån
02,00b,04b,Utlaan,1982K4,,Banker og kredittforetak,Totale utlån,Husholdninger,Renter på utestående utlån
02,00b,04b,Utlaan,1983K1,,Banker og kredittforetak,Totale utlån,Husholdninger,Renter på utestående utlån
02,00b,04b,Utlaan,1983K2,,Banker og kredittforetak,Totale utlån,Husholdninger,Renter på utestående utlån
02,00b,04b,Utlaan,1983K3,,Banker og kredittforetak,Totale utlån,Husholdninger,Renter på utestående utlån
02,00b,04b,Utlaan,1983K4,,Banker og kredittforetak,Totale utlån,Husholdninger,Renter på utestående utlån
02,00b,04b,Utlaan,1984K1,,Banker og kredittforetak,Totale utlån,Husholdninger,Renter på utestående utlån
02,00b,04b,Utlaan,1984K2,,Banker og kredittforetak,Totale utlån,Husholdninger,Renter på utestående utlån
02,00b,04b,Utlaan,1984K3,,Banker og kredittforetak,Totale utlån,Husholdninger,Renter på utestående utlån
02,00b,04b,Utlaan,1984K4,,Banker og kredittforetak,Totale utlån,Husholdninger,Renter på utestående utlån
02,00b,04b,Utlaan,1985K1,,Banker og kredittforetak,Totale utlån,Husholdninger,Renter på utestående utlån
02,00b,04b,Utlaan,1985K2,,Banker og kredittforetak,Totale utlån,Husholdninger,Renter på utestående utlån
02,00b,04b,Utlaan,1985K3,,Banker og kredittforetak,Totale utlån,Husholdninger,Renter på utestående utlån
02,00b,04b,Utlaan,1985K4,,Banker og kredittforetak,Totale utlån,Husholdninger,Renter på utestående utlån
02,00b,04b,Utlaan,1986K1,,Banker og kredittforetak,Totale utlån,Husholdninger,Renter på utestående utlån
02,00b,04b,Utlaan,1986K2,,Banker og kredittforetak,Totale utlån,Husholdninger,Renter på utestående utlån
02,00b,04b,Utlaan,1986K3,,Banker og kredittforetak,Totale utlån,Husholdninger,Renter på utestående utlån
02,00b,04b,Utlaan,1986K4,,Banker og kredittforetak,Totale utlån,Husholdninger,Renter på utestående utlån
02,00b,04b,Utlaan,1987K1,,Banker og kredittforetak,Totale utlån,Husholdninger,Renter på utestående utlån
02,00b,04b,Utlaan,1987K2,,Banker og kredittforetak,Totale utlån,Husholdninger,Renter på utestående utlån
02,00b,04b,Utlaan,1987K3,,Banker og kredittforetak,Totale utlån,Husholdninger,Renter på utestående utlån
02,00b,04b,Utlaan,1987K4,,Banker og kredittforetak,Totale utlån,Husholdninger,Renter på utestående utlån
02,00b,04b,Utlaan,1988K1,,Banker og kredittforetak,Totale utlån,Husholdninger,Renter på utestående utlån
02,00b,04b,Utlaan,1988K2,,Banker og kredittforetak,Totale utlån,Husholdninger,Renter på utestående utlån
02,00b,04b,Utlaan,1988K3,,Banker og kredittforetak,Totale utlån,Husholdninger,Renter på utestående utlån
02,00b,04b,Utlaan,1988K4,,Banker og kredittforetak,Totale utlån,Husholdninger,Renter på utestående utlån
02,00b,04b,Utlaan,1989K1,,Banker og kredittforetak,Totale utlån,Husholdninger,Renter på utestående utlån
02,00b,04b,Utlaan,1989K2,,Banker og kredittforetak,Totale utlån,Husholdninger,Renter på utestående utlån
02,00b,04b,Utlaan,1989K3,,Banker og kredittforetak,Totale utlån,Husholdninger,Renter på utestående utlån
02,00b,04b,Utlaan,1989K4,,Banker og kredittforetak,Totale utlån,Husholdninger,Renter på utestående utlån
02,00b,04b,Utlaan,1990K1,,Banker og kredittforetak,Totale utlån,Husholdninger,Renter på utestående utlån
02,00b,04b,Utlaan,1990K2,,Banker og kredittforetak,Totale utlån,Husholdninger,Renter på utestående utlån
02,00b,04b,Utlaan,1990K3,,Banker og kredittforetak,Totale utlån,Husholdninger,Renter på utestående utlån
02,00b,04b,Utlaan,1990K4,,Banker og kredittforetak,Totale utlån,Husholdninger,Renter på utestående utlån
02,00b,04b,Utlaan,1991K1,,Banker og kredittforetak,Totale utlån,Husholdninger,Renter på utestående utlån
02,00b,04b,Utlaan,1991K2,,Banker og kredittforetak,Totale utlån,Husholdninger,Renter på utestående utlån
02,00b,04b,Utlaan,1991K3,,Banker og kredittforetak,Totale utlån,Husholdninger,Renter på utestående utlån
02,00b,04b,Utlaan,1991K4,,Banker og kredittforetak,Totale utlån,Husholdninger,Renter på utestående utlån
02,00b,04b,Utlaan,1992K1,,Banker og kredittforetak,Totale utlån,Husholdninger,Renter på utestående utlån
02,00b,04b,Utlaan,1992K2,,Banker og kredittforetak,Totale utlån,Husholdninger,Renter på utestående utlån
02,00b,04b,Utlaan,1992K3,,Banker og kredittforetak,Totale utlån,Husholdninger,Renter på utestående utlån
02,00b,04b,Utlaan,1992K4,,Banker og kredittforetak,Totale utlån,Husholdninger,Renter på utestående utlån
02,00b,04b,Utlaan,1993K1,,Banker og kredittforetak,Totale utlån,Husholdninger,Renter på utestående utlån
02,00b,04b,Utlaan,1993K2,,Banker og kredittforetak,Totale utlån,Husholdninger,Renter på utestående utlån
02,00b,04b,Utlaan,1993K3,,Banker og kredittforetak,Totale utlån,Husholdninger,Renter på utestående utlån
02,00b,04b,Utlaan,1993K4,,Banker og kredittforetak,Totale utlån,Husholdninger,Renter på utestående utlån
02,00b,04b,Utlaan,1994K1,,Banker og kredittforetak,Totale utlån,Husholdninger,Renter på utestående utlån
02,00b,04b,Utlaan,1994K2,,Banker og kredittforetak,Totale utlån,Husholdninger,Renter på utestående utlån
02,00b,04b,Utlaan,1994K3,,Banker og kredittforetak,Totale utlån,Husholdninger,Renter på utestående utlån
02,00b,04b,Utlaan,1994K4,,Banker og kredittforetak,Totale utlån,Husholdninger,Renter på utestående utlån
02,00b,04b,Utlaan,1995K1,,Banker og kredittforetak,Totale utlån,Husholdninger,Renter på utestående utlån
02,00b,04b,Utlaan,1995K2,,Banker og kredittforetak,Totale utlån,Husholdninger,Renter på utestående utlån
02,00b,04b,Utlaan,1995K3,,Banker og kredittforetak,Totale utlån,Husholdninger,Renter på utestående utlån
02,00b,04b,Utlaan,1995K4,,Banker og kredittforetak,Totale utlån,Husholdninger,Renter på utestående utlån
02,00b,04b,Utlaan,1996K1,,Banker og kredittforetak,Totale utlån,Husholdninger,Renter på utestående utlån
02,00b,04b,Utlaan,1996K2,,Banker og kredittforetak,Totale utlån,Husholdninger,Renter på utestående utlån
02,00b,04b,Utlaan,1996K3,,Banker og kredittforetak,Totale utlån,Husholdninger,Renter på utestående utlån
02,00b,04b,Utlaan,1996K4,,Banker og kredittforetak,Totale utlån,Husholdninger,Renter på utestående utlån
02,00b,04b,Utlaan,1997K1,,Banker og kredittforetak,Totale utlån,Husholdninger,Renter på utestående utlån
02,00b,04b,Utlaan,1997K2,,Banker og kredittforetak,Totale utlån,Husholdninger,Renter på utestående utlån
02,00b,04b,Utlaan,1997K3,,Banker og kredittforetak,Totale utlån,Husholdninger,Renter på utestående utlån
02,00b,04b,Utlaan,1997K4,,Banker og kredittforetak,Totale utlån,Husholdninger,Renter på utestående utlån
02,00b,04b,Utlaan,1998K1,,Banker og kredittforetak,Totale utlån,Husholdninger,Renter på utestående utlån
02,00b,04b,Utlaan,1998K2,,Banker og kredittforetak,Totale utlån,Husholdninger,Renter på utestående utlån
02,00b,04b,Utlaan,1998K3,,Banker og kredittforetak,Totale utlån,Husholdninger,Renter på utestående utlån
02,00b,04b,Utlaan,1998K4,,Banker og kredittforetak,Totale utlån,Husholdninger,Renter på utestående utlån
02,00b,04b,Utlaan,1999K1,,Banker og kredittforetak,Totale utlån,Husholdninger,Renter på utestående utlån
02,00b,04b,Utlaan,1999K2,,Banker og kredittforetak,Totale utlån,Husholdninger,Renter på utestående utlån
02,00b,04b,Utlaan,1999K3,,Banker og kredittforetak,Totale utlån,Husholdninger,Renter på utestående utlån
02,00b,04b,Utlaan,1999K4,,Banker og kredittforetak,Totale utlån,Husholdninger,Renter på utestående utlån
02,00b,04b,Utlaan,2000K1,,Banker og kredittforetak,Totale utlån,Husholdninger,Renter på utestående utlån
02,00b,04b,Utlaan,2000K2,,Banker og kredittforetak,Totale utlån,Husholdninger,Renter på utestående utlån
02,00b,04b,Utlaan,2000K3,,Banker og kredittforetak,Totale utlån,Husholdninger,Renter på utestående utlån
02,00b,04b,Utlaan,2000K4,,Banker og kredittforetak,Totale utlån,Husholdninger,Renter på utestående utlån
02,00b,04b,Utlaan,2001K1,,Banker og kredittforetak,Totale utlån,Husholdninger,Renter på utestående utlån
02,00b,04b,Utlaan,2001K2,,Banker og kredittforetak,Totale utlån,Husholdninger,Renter på utestående utlån
02,00b,04b,Utlaan,2001K3,,Banker og kredittforetak,Totale utlån,Husholdninger,Renter på utestående utlån
02,00b,04b,Utlaan,2001K4,,Banker og kredittforetak,Totale utlån,Husholdninger,Renter på utestående utlån
02,00b,04b,Utlaan,2002K1,8.16,Banker og kredittforetak,Totale utlån,Husholdninger,Renter på utestående utlån
02,00b,04b,Utlaan,2002K2,8.13,Banker og kredittforetak,Totale utlån,Husholdninger,Renter på utestående utlån
02,00b,04b,Utlaan,2002K3,8.61,Banker og kredittforetak,Totale utlån,Husholdninger,Renter på utestående utlån
02,00b,04b,Utlaan,2002K4,8.58,Banker og kredittforetak,Totale utlån,Husholdninger,Renter på utestående utlån
02,00b,04b,Utlaan,2003K1,7.6,Banker og kredittforetak,Totale utlån,Husholdninger,Renter på utestående utlån
02,00b,04b,Utlaan,2003K2,6.75,Banker og kredittforetak,Totale utlån,Husholdninger,Renter på utestående utlån
02,00b,04b,Utlaan,2003K3,5.13,Banker og kredittforetak,Totale utlån,Husholdninger,Renter på utestående utlån
02,00b,04b,Utlaan,2003K4,4.67,Banker og kredittforetak,Totale utlån,Husholdninger,Renter på utestående utlån
02,00b,04b,Utlaan,2004K1,4.3,Banker og kredittforetak,Totale utlån,Husholdninger,Renter på utestående utlån
02,00b,04b,Utlaan,2004K2,4.1,Banker og kredittforetak,Totale utlån,Husholdninger,Renter på utestående utlån
02,00b,04b,Utlaan,2004K3,4.1,Banker og kredittforetak,Totale utlån,Husholdninger,Renter på utestående utlån
02,00b,04b,Utlaan,2004K4,4.01,Banker og kredittforetak,Totale utlån,Husholdninger,Renter på utestående utlån
02,00b,04b,Utlaan,2005K1,3.94,Banker og kredittforetak,Totale utlån,Husholdninger,Renter på utestående utlån
02,00b,04b,Utlaan,2005K2,3.83,Banker og kredittforetak,Totale utlån,Husholdninger,Renter på utestående utlån
02,00b,04b,Utlaan,2005K3,3.95,Banker og kredittforetak,Totale utlån,Husholdninger,Renter på utestående utlån
02,00b,04b,Utlaan,2005K4,4.02,Banker og kredittforetak,Totale utlån,Husholdninger,Renter på utestående utlån
02,00b,04b,Utlaan,2006K1,4.04,Banker og kredittforetak,Totale utlån,Husholdninger,Renter på utestående utlån
02,00b,04b,Utlaan,2006K2,4.21,Banker og kredittforetak,Totale utlån,Husholdninger,Renter på utestående utlån
02,00b,04b,Utlaan,2006K3,4.32,Banker og kredittforetak,Totale utlån,Husholdninger,Renter på utestående utlån
02,00b,04b,Utlaan,2006K4,4.6,Banker og kredittforetak,Totale utlån,Husholdninger,Renter på utestående utlån
02,00b,04b,Utlaan,2007K1,5.19,Banker og kredittforetak,Totale utlån,Husholdninger,Renter på utestående utlån
02,00b,04b,Utlaan,2007K2,5.49,Banker og kredittforetak,Totale utlån,Husholdninger,Renter på utestående utlån
02,00b,04b,Utlaan,2007K3,6.0,Banker og kredittforetak,Totale utlån,Husholdninger,Renter på utestående utlån
02,00b,04b,Utlaan,2007K4,6.55,Banker og kredittforetak,Totale utlån,Husholdninger,Renter på utestående utlån
02,00b,04b,Utlaan,2008K1,6.92,Banker og kredittforetak,Totale utlån,Husholdninger,Renter på utestående utlån
02,00b,04b,Utlaan,2008K2,7.25,Banker og kredittforetak,Totale utlån,Husholdninger,Renter på utestående utlån
02,00b,04b,Utlaan,2008K3,7.63,Banker og kredittforetak,Totale utlån,Husholdninger,Renter på utestående utlån
02,00b,04b,Utlaan,2008K4,7.28,Banker og kredittforetak,Totale utlån,Husholdninger,Renter på utestående utlån
02,00b,04b,Utlaan,2009K1,5.02,Banker og kredittforetak,Totale utlån,Husholdninger,Renter på utestående utlån
02,00b,04b,Utlaan,2009K2,4.16,Banker og kredittforetak,Totale utlån,Husholdninger,Renter på utestående utlån
02,00b,04b,Utlaan,2009K3,3.93,Banker og kredittforetak,Totale utlån,Husholdninger,Renter på utestående utlån
02,00b,04b,Utlaan,2009K4,3.98,Banker og kredittforetak,Totale utlån,Husholdninger,Renter på utestående utlån
02,00b,04b,Utlaan,2010K1,4.1,Banker og kredittforetak,Totale utlån,Husholdninger,Renter på utestående utlån
02,00b,04b,Utlaan,2010K2,4.19,Banker og kredittforetak,Totale utlån,Husholdninger,Renter på utestående utlån
02,00b,04b,Utlaan,2010K3,4.27,Banker og kredittforetak,Totale utlån,Husholdninger,Renter på utestående utlån
02,00b,04b,Utlaan,2010K4,4.24,Banker og kredittforetak,Totale utlån,Husholdninger,Renter på utestående utlån
02,00b,04b,Utlaan,2011K1,4.2,Banker og kredittforetak,Totale utlån,Husholdninger,Renter på utestående utlån
02,00b,04b,Utlaan,2011K2,4.18,Banker og kredittforetak,Totale utlån,Husholdninger,Renter på utestående utlån
02,00b,04b,Utlaan,2011K3,4.39,Banker og kredittforetak,Totale utlån,Husholdninger,Renter på utestående utlån
02,00b,04b,Utlaan,2011K4,4.59,Banker og kredittforetak,Totale utlån,Husholdninger,Renter på utestående utlån
02,00b,04b,Utlaan,2012K1,4.55,Banker og kredittforetak,Totale utlån,Husholdninger,Renter på utestående utlån
02,00b,04b,Utlaan,2012K2,4.37,Banker og kredittforetak,Totale utlån,Husholdninger,Renter på utestående utlån
02,00b,04b,Utlaan,2012K3,4.35,Banker og kredittforetak,Totale utlån,Husholdninger,Renter på utestående utlån
02,00b,04b,Utlaan,2012K4,4.36,Banker og kredittforetak,Totale utlån,Husholdninger,Renter på utestående utlån
02,00b,04b,Utlaan,2013K1,4.33,Banker og kredittforetak,Totale utlån,Husholdninger,Renter på utestående utlån
02,00b,04b,Utlaan,2013K2,4.52,Banker og kredittforetak,Totale utlån,Husholdninger,Renter på utestående utlån
02,00b,04b,Utlaan,2013K3,4.51,Banker og kredittforetak,Totale utlån,Husholdninger,Renter på utestående utlån
02,00b,04b,Utlaan,2013K4,4.48,Banker og kredittforetak,Totale utlån,Husholdninger,Renter på utestående utlån
02,00b,04b,Utlaan,2014K1,4.44,Banker og kredittforetak,Totale utlån,Husholdninger,Renter på utestående utlån
02,00b,04b,Utlaan,2014K2,4.3,Banker og kredittforetak,Totale utlån,Husholdninger,Renter på utestående utlån
02,00b,04b,Utlaan,2014K3,4.26,Banker og kredittforetak,Totale utlån,Husholdninger,Renter på utestående utlån
02,00b,04b,Utlaan,2014K4,4.07,Banker og kredittforetak,Totale utlån,Husholdninger,Renter på utestående utlån
02,00b,04b,Utlaan,2015K1,3.73,Banker og kredittforetak,Totale utlån,Husholdninger,Renter på utestående utlån
02,00b,04b,Utlaan,2015K2,3.65,Banker og kredittforetak,Totale utlån,Husholdninger,Renter på utestående utlån
02,00b,04b,Utlaan,2015K3,3.4,Banker og kredittforetak,Totale utlån,Husholdninger,Renter på utestående utlån
02,00b,04b,Utlaan,2015K4,3.17,Banker og kredittforetak,Totale utlån,Husholdninger,Renter på utestående utlån
02,00b,04b,Utlaan,2016K1,3.13,Banker og kredittforetak,Totale utlån,Husholdninger,Renter på utestående utlån
02,00b,04b,Utlaan,2016K2,2.98,Banker og kredittforetak,Totale utlån,Husholdninger,Renter på utestående utlån
02,00b,04b,Utlaan,2016K3,2.97,Banker og kredittforetak,Totale utlån,Husholdninger,Renter på utestående utlån
02,00b,04b,Utlaan,2016K4,2.97,Banker og kredittforetak,Totale utlån,Husholdninger,Renter på utestående utlån
02,00b,04b,Utlaan,2017K1,3.04,Banker og kredittforetak,Totale utlån,Husholdninger,Renter på utestående utlån
02,00b,04b,Utlaan,2017K2,3.03,Banker og kredittforetak,Totale utlån,Husholdninger,Renter på utestående utlån
02,00b,04b,Utlaan,2017K3,3.03,Banker og kredittforetak,Totale utlån,Husholdninger,Renter på utestående utlån
02,00b,04b,Utlaan,2017K4,3.0,Banker og kredittforetak,Totale utlån,Husholdninger,Renter på utestående utlån
02,00b,04b,Utlaan,2018K1,2.95,Banker og kredittforetak,Totale utlån,Husholdninger,Renter på utestående utlån
02,00b,04b,Utlaan,2018K2,2.9,Banker og kredittforetak,Totale utlån,Husholdninger,Renter på utestående utlån
02,00b,04b,Utlaan,2018K3,2.9,Banker og kredittforetak,Totale utlån,Husholdninger,Renter på utestående utlån
02,00b,04b,Utlaan,2018K4,3.06,Banker og kredittforetak,Totale utlån,Husholdninger,Renter på utestående utlån
02,00b,04b,Utlaan,2019K1,3.03,Banker og kredittforetak,Totale utlån,Husholdninger,Renter på utestående utlån
02,00b,04b,Utlaan,2019K2,3.19,Banker og kredittforetak,Totale utlån,Husholdninger,Renter på utestående utlån
02,00b,04b,Utlaan,2019K3,3.35,Banker og kredittforetak,Totale utlån,Husholdninger,Renter på utestående utlån
02,00b,04b,Utlaan,2019K4,3.49,Banker og kredittforetak,Totale utlån,Husholdninger,Renter på utestående utlån
02,00b,04b,Utlaan,2020K1,3.38,Banker og kredittforetak,Totale utlån,Husholdninger,Renter på utestående utlån
02,00b,04b,Utlaan,2020K2,2.4,Banker og kredittforetak,Totale utlån,Husholdninger,Renter på utestående utlån
02,00b,04b,Utlaan,2020K3,2.33,Banker og kredittforetak,Totale utlån,Husholdninger,Renter på utestående utlån
02,00b,04b,Utlaan,2020K4,2.28,Banker og kredittforetak,Totale utlån,Husholdninger,Renter på utestående utlån
02,00b,04b,Utlaan,2021K1,2.23,Banker og kredittforetak,Totale utlån,Husholdninger,Renter på utestående utlån
02,00b,04b,Utlaan,2021K2,2.17,Banker og kredittforetak,Totale utlån,Husholdninger,Renter på utestående utlån
02,00b,04b,Utlaan,2021K3,2.13,Banker og kredittforetak,Totale utlån,Husholdninger,Renter på utestående utlån
02,00b,04b,Utlaan,2021K4,2.32,Banker og kredittforetak,Totale utlån,Husholdninger,Renter på utestående utlån
02,00b,04b,Utlaan,2022K1,2.51,Banker og kredittforetak,Totale utlån,Husholdninger,Renter på utestående utlån
02,00b,04b,Utlaan,2022K2,2.7,Banker og kredittforetak,Totale utlån,Husholdninger,Renter på utestående utlån
02,00b,04b,Utlaan,2022K3,3.21,Banker og kredittforetak,Totale utlån,Husholdninger,Renter på utestående utlån
02,00b,04b,Utlaan,2022K4,4.25,Banker og kredittforetak,Totale utlån,Husholdninger,Renter på utestående utlån
02,00b,04b,Utlaan,2023K1,4.48,Banker og kredittforetak,Totale utlån,Husholdninger,Renter på utestående utlån
02,00b,04b,Utlaan,2023K2,4.89,Banker og kredittforetak,Totale utlån,Husholdninger,Renter på utestående utlån
02,00b,04b,Utlaan,2023K3,5.4,Banker og kredittforetak,Totale utlån,Husholdninger,Renter på utestående utlån
02,00b,04b,Utlaan,2023K4,5.8,Banker og kredittforetak,Totale utlån,Husholdninger,Renter på utestående utlån
02,00b,04b,Utlaan,2024K1,5.94,Banker og kredittforetak,Totale utlån,Husholdninger,Renter på utestående utlån
02,00b,04b,Utlaan,2024K2,5.93,Banker og kredittforetak,Totale utlån,Husholdninger,Renter på utestående utlån
02,00b,04b,Utlaan,2024K3,5.91,Banker og kredittforetak,Totale utlån,Husholdninger,Renter på utestående utlån
02,00b,04b,Utlaan,2024K4,5.87,Banker og kredittforetak,Totale utlån,Husholdninger,Renter på utestående utlån
02,00b,04b,Utlaan,2025K1,5.87,Banker og kredittforetak,Totale utlån,Husholdninger,Renter på utestående utlån
02,00b,04b,Utlaan,2025K2,5.83,Banker og kredittforetak,Totale utlån,Husholdninger,Renter på utestående utlån
02,00b,04b,Utlaan,2025K3,5.56,Banker og kredittforetak,Totale utlån,Husholdninger,Renter på utestående utlån
02,00b,04b,Utlaan,2025K4,5.3,Banker og kredittforetak,Totale utlån,Husholdninger,Renter på utestående utlån
02,00b,04b,Utlaan,2026K1,5.29,Banker og kredittforetak,Totale utlån,Husholdninger,Renter på utestående utlån
02,00b,04b,Utlaan,2026K2,5.29,Banker og kredittforetak,Totale utlån,Husholdninger,Renter på utestående utlån
02,04,04b,Utlaan,1979K4,,Banker og kredittforetak,Totale utlån med pant i bolig,Husholdninger,Renter på utestående utlån
02,04,04b,Utlaan,1980K1,,Banker og kredittforetak,Totale utlån med pant i bolig,Husholdninger,Renter på utestående utlån
02,04,04b,Utlaan,1980K2,,Banker og kredittforetak,Totale utlån med pant i bolig,Husholdninger,Renter på utestående utlån
02,04,04b,Utlaan,1980K3,,Banker og kredittforetak,Totale utlån med pant i bolig,Husholdninger,Renter på utestående utlån
02,04,04b,Utlaan,1980K4,,Banker og kredittforetak,Totale utlån med pant i bolig,Husholdninger,Renter på utestående utlån
02,04,04b,Utlaan,1981K1,,Banker og kredittforetak,Totale utlån med pant i bolig,Husholdninger,Renter på utestående utlån
02,04,04b,Utlaan,1981K2,,Banker og kredittforetak,Totale utlån med pant i bolig,Husholdninger,Renter på utestående utlån
02,04,04b,Utlaan,1981K3,,Banker og kredittforetak,Totale utlån med pant i bolig,Husholdninger,Renter på utestående utlån
02,04,04b,Utlaan,1981K4,,Banker og kredittforetak,Totale utlån med pant i bolig,Husholdninger,Renter på utestående utlån
02,04,04b,Utlaan,1982K1,,Banker og kredittforetak,Totale utlån med pant i bolig,Husholdninger,Renter på utestående utlån
02,04,04b,Utlaan,1982K2,,Banker og kredittforetak,Totale utlån med pant i bolig,Husholdninger,Renter på utestående utlån
02,04,04b,Utlaan,1982K3,,Banker og kredittforetak,Totale utlån med pant i bolig,Husholdninger,Renter på utestående utlån
02,04,04b,Utlaan,1982K4,,Banker og kredittforetak,Totale utlån med pant i bolig,Husholdninger,Renter på utestående utlån
02,04,04b,Utlaan,1983K1,,Banker og kredittforetak,Totale utlån med pant i bolig,Husholdninger,Renter på utestående utlån
02,04,04b,Utlaan,1983K2,,Banker og kredittforetak,Totale utlån med pant i bolig,Husholdninger,Renter på utestående utlån
02,04,04b,Utlaan,1983K3,,Banker og kredittforetak,Totale utlån med pant i bolig,Husholdninger,Renter på utestående utlån
02,04,04b,Utlaan,1983K4,,Banker og kredittforetak,Totale utlån med pant i bolig,Husholdninger,Renter på utestående utlån
02,04,04b,Utlaan,1984K1,,Banker og kredittforetak,Totale utlån med pant i bolig,Husholdninger,Renter på utestående utlån
02,04,04b,Utlaan,1984K2,,Banker og kredittforetak,Totale utlån med pant i bolig,Husholdninger,Renter på utestående utlån
02,04,04b,Utlaan,1984K3,,Banker og kredittforetak,Totale utlån med pant i bolig,Husholdninger,Renter på utestående utlån
02,04,04b,Utlaan,1984K4,,Banker og kredittforetak,Totale utlån med pant i bolig,Husholdninger,Renter på utestående utlån
02,04,04b,Utlaan,1985K1,,Banker og kredittforetak,Totale utlån med pant i bolig,Husholdninger,Renter på utestående utlån
02,04,04b,Utlaan,1985K2,,Banker og kredittforetak,Totale utlån med pant i bolig,Husholdninger,Renter på utestående utlån
02,04,04b,Utlaan,1985K3,,Banker og kredittforetak,Totale utlån med pant i bolig,Husholdninger,Renter på utestående utlån
02,04,04b,Utlaan,1985K4,,Banker og kredittforetak,Totale utlån med pant i bolig,Husholdninger,Renter på utestående utlån
02,04,04b,Utlaan,1986K1,,Banker og kredittforetak,Totale utlån med pant i bolig,Husholdninger,Renter på utestående utlån
02,04,04b,Utlaan,1986K2,,Banker og kredittforetak,Totale utlån med pant i bolig,Husholdninger,Renter på utestående utlån
02,04,04b,Utlaan,1986K3,,Banker og kredittforetak,Totale utlån med pant i bolig,Husholdninger,Renter på utestående utlån
02,04,04b,Utlaan,1986K4,,Banker og kredittforetak,Totale utlån med pant i bolig,Husholdninger,Renter på utestående utlån
02,04,04b,Utlaan,1987K1,,Banker og kredittforetak,Totale utlån med pant i bolig,Husholdninger,Renter på utestående utlån
02,04,04b,Utlaan,1987K2,,Banker og kredittforetak,Totale utlån med pant i bolig,Husholdninger,Renter på utestående utlån
02,04,04b,Utlaan,1987K3,,Banker og kredittforetak,Totale utlån med pant i bolig,Husholdninger,Renter på utestående utlån
02,04,04b,Utlaan,1987K4,,Banker og kredittforetak,Totale utlån med pant i bolig,Husholdninger,Renter på utestående utlån
02,04,04b,Utlaan,1988K1,,Banker og kredittforetak,Totale utlån med pant i bolig,Husholdninger,Renter på utestående utlån
02,04,04b,Utlaan,1988K2,,Banker og kredittforetak,Totale utlån med pant i bolig,Husholdninger,Renter på utestående utlån
02,04,04b,Utlaan,1988K3,,Banker og kredittforetak,Totale utlån med pant i bolig,Husholdninger,Renter på utestående utlån
02,04,04b,Utlaan,1988K4,,Banker og kredittforetak,Totale utlån med pant i bolig,Husholdninger,Renter på utestående utlån
02,04,04b,Utlaan,1989K1,,Banker og kredittforetak,Totale utlån med pant i bolig,Husholdninger,Renter på utestående utlån
02,04,04b,Utlaan,1989K2,,Banker og kredittforetak,Totale utlån med pant i bolig,Husholdninger,Renter på utestående utlån
02,04,04b,Utlaan,1989K3,,Banker og kredittforetak,Totale utlån med pant i bolig,Husholdninger,Renter på utestående utlån
02,04,04b,Utlaan,1989K4,,Banker og kredittforetak,Totale utlån med pant i bolig,Husholdninger,Renter på utestående utlån
02,04,04b,Utlaan,1990K1,,Banker og kredittforetak,Totale utlån med pant i bolig,Husholdninger,Renter på utestående utlån
02,04,04b,Utlaan,1990K2,,Banker og kredittforetak,Totale utlån med pant i bolig,Husholdninger,Renter på utestående utlån
02,04,04b,Utlaan,1990K3,,Banker og kredittforetak,Totale utlån med pant i bolig,Husholdninger,Renter på utestående utlån
02,04,04b,Utlaan,1990K4,,Banker og kredittforetak,Totale utlån med pant i bolig,Husholdninger,Renter på utestående utlån
02,04,04b,Utlaan,1991K1,,Banker og kredittforetak,Totale utlån med pant i bolig,Husholdninger,Renter på utestående utlån
02,04,04b,Utlaan,1991K2,,Banker og kredittforetak,Totale utlån med pant i bolig,Husholdninger,Renter på utestående utlån
02,04,04b,Utlaan,1991K3,,Banker og kredittforetak,Totale utlån med pant i bolig,Husholdninger,Renter på utestående utlån
02,04,04b,Utlaan,1991K4,,Banker og kredittforetak,Totale utlån med pant i bolig,Husholdninger,Renter på utestående utlån
02,04,04b,Utlaan,1992K1,,Banker og kredittforetak,Totale utlån med pant i bolig,Husholdninger,Renter på utestående utlån
02,04,04b,Utlaan,1992K2,,Banker og kredittforetak,Totale utlån med pant i bolig,Husholdninger,Renter på utestående utlån
02,04,04b,Utlaan,1992K3,,Banker og kredittforetak,Totale utlån med pant i bolig,Husholdninger,Renter på utestående utlån
02,04,04b,Utlaan,1992K4,,Banker og kredittforetak,Totale utlån med pant i bolig,Husholdninger,Renter på utestående utlån
02,04,04b,Utlaan,1993K1,,Banker og kredittforetak,Totale utlån med pant i bolig,Husholdninger,Renter på utestående utlån
02,04,04b,Utlaan,1993K2,,Banker og kredittforetak,Totale utlån med pant i bolig,Husholdninger,Renter på utestående utlån
02,04,04b,Utlaan,1993K3,,Banker og kredittforetak,Totale utlån med pant i bolig,Husholdninger,Renter på utestående utlån
02,04,04b,Utlaan,1993K4,,Banker og kredittforetak,Totale utlån med pant i bolig,Husholdninger,Renter på utestående utlån
02,04,04b,Utlaan,1994K1,,Banker og kredittforetak,Totale utlån med pant i bolig,Husholdninger,Renter på utestående utlån
02,04,04b,Utlaan,1994K2,,Banker og kredittforetak,Totale utlån med pant i bolig,Husholdninger,Renter på utestående utlån
02,04,04b,Utlaan,1994K3,,Banker og kredittforetak,Totale utlån med pant i bolig,Husholdninger,Renter på utestående utlån
02,04,04b,Utlaan,1994K4,,Banker og kredittforetak,Totale utlån med pant i bolig,Husholdninger,Renter på utestående utlån
02,04,04b,Utlaan,1995K1,,Banker og kredittforetak,Totale utlån med pant i bolig,Husholdninger,Renter på utestående utlån
02,04,04b,Utlaan,1995K2,,Banker og kredittforetak,Totale utlån med pant i bolig,Husholdninger,Renter på utestående utlån
02,04,04b,Utlaan,1995K3,,Banker og kredittforetak,Totale utlån med pant i bolig,Husholdninger,Renter på utestående utlån
02,04,04b,Utlaan,1995K4,,Banker og kredittforetak,Totale utlån med pant i bolig,Husholdninger,Renter på utestående utlån
02,04,04b,Utlaan,1996K1,,Banker og kredittforetak,Totale utlån med pant i bolig,Husholdninger,Renter på utestående utlån
02,04,04b,Utlaan,1996K2,,Banker og kredittforetak,Totale utlån med pant i bolig,Husholdninger,Renter på utestående utlån
02,04,04b,Utlaan,1996K3,,Banker og kredittforetak,Totale utlån med pant i bolig,Husholdninger,Renter på utestående utlån
02,04,04b,Utlaan,1996K4,,Banker og kredittforetak,Totale utlån med pant i bolig,Husholdninger,Renter på utestående utlån
02,04,04b,Utlaan,1997K1,,Banker og kredittforetak,Totale utlån med pant i bolig,Husholdninger,Renter på utestående utlån
02,04,04b,Utlaan,1997K2,,Banker og kredittforetak,Totale utlån med pant i bolig,Husholdninger,Renter på utestående utlån
02,04,04b,Utlaan,1997K3,,Banker og kredittforetak,Totale utlån med pant i bolig,Husholdninger,Renter på utestående utlån
02,04,04b,Utlaan,1997K4,,Banker og kredittforetak,Totale utlån med pant i bolig,Husholdninger,Renter på utestående utlån
02,04,04b,Utlaan,1998K1,,Banker og kredittforetak,Totale utlån med pant i bolig,Husholdninger,Renter på utestående utlån
02,04,04b,Utlaan,1998K2,,Banker og kredittforetak,Totale utlån med pant i bolig,Husholdninger,Renter på utestående utlån
02,04,04b,Utlaan,1998K3,,Banker og kredittforetak,Totale utlån med pant i bolig,Husholdninger,Renter på utestående utlån
02,04,04b,Utlaan,1998K4,,Banker og kredittforetak,Totale utlån med pant i bolig,Husholdninger,Renter på utestående utlån
02,04,04b,Utlaan,1999K1,,Banker og kredittforetak,Totale utlån med pant i bolig,Husholdninger,Renter på utestående utlån
02,04,04b,Utlaan,1999K2,,Banker og kredittforetak,Totale utlån med pant i bolig,Husholdninger,Renter på utestående utlån
02,04,04b,Utlaan,1999K3,,Banker og kredittforetak,Totale utlån med pant i bolig,Husholdninger,Renter på utestående utlån
02,04,04b,Utlaan,1999K4,,Banker og kredittforetak,Totale utlån med pant i bolig,Husholdninger,Renter på utestående utlån
02,04,04b,Utlaan,2000K1,,Banker og kredittforetak,Totale utlån med pant i bolig,Husholdninger,Renter på utestående utlån
02,04,04b,Utlaan,2000K2,,Banker og kredittforetak,Totale utlån med pant i bolig,Husholdninger,Renter på utestående utlån
02,04,04b,Utlaan,2000K3,,Banker og kredittforetak,Totale utlån med pant i bolig,Husholdninger,Renter på utestående utlån
02,04,04b,Utlaan,2000K4,,Banker og kredittforetak,Totale utlån med pant i bolig,Husholdninger,Renter på utestående utlån
02,04,04b,Utlaan,2001K1,,Banker og kredittforetak,Totale utlån med pant i bolig,Husholdninger,Renter på utestående utlån
02,04,04b,Utlaan,2001K2,,Banker og kredittforetak,Totale utlån med pant i bolig,Husholdninger,Renter på utestående utlån
02,04,04b,Utlaan,2001K3,,Banker og kredittforetak,Totale utlån med pant i bolig,Husholdninger,Renter på utestående utlån
02,04,04b,Utlaan,2001K4,,Banker og kredittforetak,Totale utlån med pant i bolig,Husholdninger,Renter på utestående utlån
02,04,04b,Utlaan,2002K1,,Banker og kredittforetak,Totale utlån med pant i bolig,Husholdninger,Renter på utestående utlån
02,04,04b,Utlaan,2002K2,,Banker og kredittforetak,Totale utlån med pant i bolig,Husholdninger,Renter på utestående utlån
02,04,04b,Utlaan,2002K3,,Banker og kredittforetak,Totale utlån med pant i bolig,Husholdninger,Renter på utestående utlån
02,04,04b,Utlaan,2002K4,,Banker og kredittforetak,Totale utlån med pant i bolig,Husholdninger,Renter på utestående utlån
02,04,04b,Utlaan,2003K1,,Banker og kredittforetak,Totale utlån med pant i bolig,Husholdninger,Renter på utestående utlån
02,04,04b,Utlaan,2003K2,,Banker og kredittforetak,Totale utlån med pant i bolig,Husholdninger,Renter på utestående utlån
02,04,04b,Utlaan,2003K3,,Banker og kredittforetak,Totale utlån med pant i bolig,Husholdninger,Renter på utestående utlån
02,04,04b,Utlaan,2003K4,,Banker og kredittforetak,Totale utlån med pant i bolig,Husholdninger,Renter på utestående utlån
02,04,04b,Utlaan,2004K1,,Banker og kredittforetak,Totale utlån med pant i bolig,Husholdninger,Renter på utestående utlån
02,04,04b,Utlaan,2004K2,,Banker og kredittforetak,Totale utlån med pant i bolig,Husholdninger,Renter på utestående utlån
02,04,04b,Utlaan,2004K3,,Banker og kredittforetak,Totale utlån med pant i bolig,Husholdninger,Renter på utestående utlån
02,04,04b,Utlaan,2004K4,,Banker og kredittforetak,Totale utlån med pant i bolig,Husholdninger,Renter på utestående utlån
02,04,04b,Utlaan,2005K1,,Banker og kredittforetak,Totale utlån med pant i bolig,Husholdninger,Renter på utestående utlån
02,04,04b,Utlaan,2005K2,,Banker og kredittforetak,Totale utlån med pant i bolig,Husholdninger,Renter på utestående utlån
02,04,04b,Utlaan,2005K3,,Banker og kredittforetak,Totale utlån med pant i bolig,Husholdninger,Renter på utestående utlån
02,04,04b,Utlaan,2005K4,,Banker og kredittforetak,Totale utlån med pant i bolig,Husholdninger,Renter på utestående utlån
02,04,04b,Utlaan,2006K1,,Banker og kredittforetak,Totale utlån med pant i bolig,Husholdninger,Renter på utestående utlån
02,04,04b,Utlaan,2006K2,,Banker og kredittforetak,Totale utlån med pant i bolig,Husholdninger,Renter på utestående utlån
02,04,04b,Utlaan,2006K3,,Banker og kredittforetak,Totale utlån med pant i bolig,Husholdninger,Renter på utestående utlån
02,04,04b,Utlaan,2006K4,,Banker og kredittforetak,Totale utlån med pant i bolig,Husholdninger,Renter på utestående utlån
02,04,04b,Utlaan,2007K1,,Banker og kredittforetak,Totale utlån med pant i bolig,Husholdninger,Renter på utestående utlån
02,04,04b,Utlaan,2007K2,,Banker og kredittforetak,Totale utlån med pant i bolig,Husholdninger,Renter på utestående utlån
02,04,04b,Utlaan,2007K3,,Banker og kredittforetak,Totale utlån med pant i bolig,Husholdninger,Renter på utestående utlån
02,04,04b,Utlaan,2007K4,,Banker og kredittforetak,Totale utlån med pant i bolig,Husholdninger,Renter på utestående utlån
02,04,04b,Utlaan,2008K1,,Banker og kredittforetak,Totale utlån med pant i bolig,Husholdninger,Renter på utestående utlån
02,04,04b,Utlaan,2008K2,,Banker og kredittforetak,Totale utlån med pant i bolig,Husholdninger,Renter på utestående utlån
02,04,04b,Utlaan,2008K3,,Banker og kredittforetak,Totale utlån med pant i bolig,Husholdninger,Renter på utestående utlån
02,04,04b,Utlaan,2008K4,6.99,Banker og kredittforetak,Totale utlån med pant i bolig,Husholdninger,Renter på utestående utlån
02,04,04b,Utlaan,2009K1,4.63,Banker og kredittforetak,Totale utlån med pant i bolig,Husholdninger,Renter på utestående utlån
02,04,04b,Utlaan,2009K2,3.73,Banker og kredittforetak,Totale utlån med pant i bolig,Husholdninger,Renter på utestående utlån
02,04,04b,Utlaan,2009K3,3.51,Banker og kredittforetak,Totale utlån med pant i bolig,Husholdninger,Renter på utestående utlån
02,04,04b,Utlaan,2009K4,3.56,Banker og kredittforetak,Totale utlån med pant i bolig,Husholdninger,Renter på utestående utlån
02,04,04b,Utlaan,2010K1,3.69,Banker og kredittforetak,Totale utlån med pant i bolig,Husholdninger,Renter på utestående utlån
02,04,04b,Utlaan,2010K2,3.78,Banker og kredittforetak,Totale utlån med pant i bolig,Husholdninger,Renter på utestående utlån
02,04,04b,Utlaan,2010K3,3.86,Banker og kredittforetak,Totale utlån med pant i bolig,Husholdninger,Renter på utestående utlån
02,04,04b,Utlaan,2010K4,3.82,Banker og kredittforetak,Totale utlån med pant i bolig,Husholdninger,Renter på utestående utlån
02,04,04b,Utlaan,2011K1,3.78,Banker og kredittforetak,Totale utlån med pant i bolig,Husholdninger,Renter på utestående utlån
02,04,04b,Utlaan,2011K2,3.77,Banker og kredittforetak,Totale utlån med pant i bolig,Husholdninger,Renter på utestående utlån
02,04,04b,Utlaan,2011K3,3.98,Banker og kredittforetak,Totale utlån med pant i bolig,Husholdninger,Renter på utestående utlån
02,04,04b,Utlaan,2011K4,4.18,Banker og kredittforetak,Totale utlån med pant i bolig,Husholdninger,Renter på utestående utlån
02,04,04b,Utlaan,2012K1,4.16,Banker og kredittforetak,Totale utlån med pant i bolig,Husholdninger,Renter på utestående utlån
02,04,04b,Utlaan,2012K2,3.98,Banker og kredittforetak,Totale utlån med pant i bolig,Husholdninger,Renter på utestående utlån
02,04,04b,Utlaan,2012K3,3.95,Banker og kredittforetak,Totale utlån med pant i bolig,Husholdninger,Renter på utestående utlån
02,04,04b,Utlaan,2012K4,3.93,Banker og kredittforetak,Totale utlån med pant i bolig,Husholdninger,Renter på utestående utlån
02,04,04b,Utlaan,2013K1,3.92,Banker og kredittforetak,Totale utlån med pant i bolig,Husholdninger,Renter på utestående utlån
02,04,04b,Utlaan,2013K2,4.12,Banker og kredittforetak,Totale utlån med pant i bolig,Husholdninger,Renter på utestående utlån
02,04,04b,Utlaan,2013K3,4.11,Banker og kredittforetak,Totale utlån med pant i bolig,Husholdninger,Renter på utestående utlån
02,04,04b,Utlaan,2013K4,4.07,Banker og kredittforetak,Totale utlån med pant i bolig,Husholdninger,Renter på utestående utlån
02,04,04b,Utlaan,2014K1,4.05,Banker og kredittforetak,Totale utlån med pant i bolig,Husholdninger,Renter på utestående utlån
02,04,04b,Utlaan,2014K2,3.91,Banker og kredittforetak,Totale utlån med pant i bolig,Husholdninger,Renter på utestående utlån
02,04,04b,Utlaan,2014K3,3.87,Banker og kredittforetak,Totale utlån med pant i bolig,Husholdninger,Renter på utestående utlån
02,04,04b,Utlaan,2014K4,3.67,Banker og kredittforetak,Totale utlån med pant i bolig,Husholdninger,Renter på utestående utlån
02,04,04b,Utlaan,2015K1,3.32,Banker og kredittforetak,Totale utlån med pant i bolig,Husholdninger,Renter på utestående utlån
02,04,04b,Utlaan,2015K2,3.25,Banker og kredittforetak,Totale utlån med pant i bolig,Husholdninger,Renter på utestående utlån
02,04,04b,Utlaan,2015K3,3.0,Banker og kredittforetak,Totale utlån med pant i bolig,Husholdninger,Renter på utestående utlån
02,04,04b,Utlaan,2015K4,2.75,Banker og kredittforetak,Totale utlån med pant i bolig,Husholdninger,Renter på utestående utlån
02,04,04b,Utlaan,2016K1,2.7,Banker og kredittforetak,Totale utlån med pant i bolig,Husholdninger,Renter på utestående utlån
02,04,04b,Utlaan,2016K2,2.57,Banker og kredittforetak,Totale utlån med pant i bolig,Husholdninger,Renter på utestående utlån
02,04,04b,Utlaan,2016K3,2.53,Banker og kredittforetak,Totale utlån med pant i bolig,Husholdninger,Renter på utestående utlån
02,04,04b,Utlaan,2016K4,2.53,Banker og kredittforetak,Totale utlån med pant i bolig,Husholdninger,Renter på utestående utlån
02,04,04b,Utlaan,2017K1,2.6,Banker og kredittforetak,Totale utlån med pant i bolig,Husholdninger,Renter på utestående utlån
02,04,04b,Utlaan,2017K2,2.58,Banker og kredittforetak,Totale utlån med pant i bolig,Husholdninger,Renter på utestående utlån
02,04,04b,Utlaan,2017K3,2.56,Banker og kredittforetak,Totale utlån med pant i bolig,Husholdninger,Renter på utestående utlån
02,04,04b,Utlaan,2017K4,2.53,Banker og kredittforetak,Totale utlån med pant i bolig,Husholdninger,Renter på utestående utlån
02,04,04b,Utlaan,2018K1,2.51,Banker og kredittforetak,Totale utlån med pant i bolig,Husholdninger,Renter på utestående utlån
02,04,04b,Utlaan,2018K2,2.49,Banker og kredittforetak,Totale utlån med pant i bolig,Husholdninger,Renter på utestående utlån
02,04,04b,Utlaan,2018K3,2.48,Banker og kredittforetak,Totale utlån med pant i bolig,Husholdninger,Renter på utestående utlån
02,04,04b,Utlaan,2018K4,2.64,Banker og kredittforetak,Totale utlån med pant i bolig,Husholdninger,Renter på utestående utlån
02,04,04b,Utlaan,2019K1,2.62,Banker og kredittforetak,Totale utlån med pant i bolig,Husholdninger,Renter på utestående utlån
02,04,04b,Utlaan,2019K2,2.79,Banker og kredittforetak,Totale utlån med pant i bolig,Husholdninger,Renter på utestående utlån
02,04,04b,Utlaan,2019K3,2.95,Banker og kredittforetak,Totale utlån med pant i bolig,Husholdninger,Renter på utestående utlån
02,04,04b,Utlaan,2019K4,3.13,Banker og kredittforetak,Totale utlån med pant i bolig,Husholdninger,Renter på utestående utlån
02,04,04b,Utlaan,2020K1,3.03,Banker og kredittforetak,Totale utlån med pant i bolig,Husholdninger,Renter på utestående utlån
02,04,04b,Utlaan,2020K2,2.02,Banker og kredittforetak,Totale utlån med pant i bolig,Husholdninger,Renter på utestående utlån
02,04,04b,Utlaan,2020K3,1.98,Banker og kredittforetak,Totale utlån med pant i bolig,Husholdninger,Renter på utestående utlån
02,04,04b,Utlaan,2020K4,1.94,Banker og kredittforetak,Totale utlån med pant i bolig,Husholdninger,Renter på utestående utlån
02,04,04b,Utlaan,2021K1,1.91,Banker og kredittforetak,Totale utlån med pant i bolig,Husholdninger,Renter på utestående utlån
02,04,04b,Utlaan,2021K2,1.87,Banker og kredittforetak,Totale utlån med pant i bolig,Husholdninger,Renter på utestående utlån
02,04,04b,Utlaan,2021K3,1.85,Banker og kredittforetak,Totale utlån med pant i bolig,Husholdninger,Renter på utestående utlån
02,04,04b,Utlaan,2021K4,2.04,Banker og kredittforetak,Totale utlån med pant i bolig,Husholdninger,Renter på utestående utlån
02,04,04b,Utlaan,2022K1,2.25,Banker og kredittforetak,Totale utlån med pant i bolig,Husholdninger,Renter på utestående utlån
02,04,04b,Utlaan,2022K2,2.45,Banker og kredittforetak,Totale utlån med pant i bolig,Husholdninger,Renter på utestående utlån
02,04,04b,Utlaan,2022K3,2.95,Banker og kredittforetak,Totale utlån med pant i bolig,Husholdninger,Renter på utestående utlån
02,04,04b,Utlaan,2022K4,4.03,Banker og kredittforetak,Totale utlån med pant i bolig,Husholdninger,Renter på utestående utlån
02,04,04b,Utlaan,2023K1,4.26,Banker og kredittforetak,Totale utlån med pant i bolig,Husholdninger,Renter på utestående utlån
02,04,04b,Utlaan,2023K2,4.69,Banker og kredittforetak,Totale utlån med pant i bolig,Husholdninger,Renter på utestående utlån
02,04,04b,Utlaan,2023K3,5.19,Banker og kredittforetak,Totale utlån med pant i bolig,Husholdninger,Renter på utestående utlån
02,04,04b,Utlaan,2023K4,5.61,Banker og kredittforetak,Totale utlån med pant i bolig,Husholdninger,Renter på utestående utlån
02,04,04b,Utlaan,2024K1,5.76,Banker og kredittforetak,Totale utlån med pant i bolig,Husholdninger,Renter på utestående utlån
02,04,04b,Utlaan,2024K2,5.75,Banker og kredittforetak,Totale utlån med pant i bolig,Husholdninger,Renter på utestående utlån
02,04,04b,Utlaan,2024K3,5.72,Banker og kredittforetak,Totale utlån med pant i bolig,Husholdninger,Renter på utestående utlån
02,04,04b,Utlaan,2024K4,5.69,Banker og kredittforetak,Totale utlån med pant i bolig,Husholdninger,Renter på utestående utlån
02,04,04b,Utlaan,2025K1,5.68,Banker og kredittforetak,Totale utlån med pant i bolig,Husholdninger,Renter på utestående utlån
02,04,04b,Utlaan,2025K2,5.65,Banker og kredittforetak,Totale utlån med pant i bolig,Husholdninger,Renter på utestående utlån
02,04,04b,Utlaan,2025K3,5.38,Banker og kredittforetak,Totale utlån med pant i bolig,Husholdninger,Renter på utestående utlån
02,04,04b,Utlaan,2025K4,5.13,Banker og kredittforetak,Totale utlån med pant i bolig,Husholdninger,Renter på utestående utlån
02,04,04b,Utlaan,2026K1,5.11,Banker og kredittforetak,Totale utlån med pant i bolig,Husholdninger,Renter på utestående utlån
02,04,04b,Utlaan,2026K2,5.12,Banker og kredittforetak,Totale utlån med pant i bolig,Husholdninger,Renter på utestående utlån
