Utlanstype,Sektor,Rentebinding,ContentsCode,period,value,Utlanstype_label,Sektor_label,Rentebinding_label,ContentsCode_label
04,04b,99,RenterNyeBolig,2013M12,3.98,Totale utlån med pant i bolig,Husholdninger,Totalt,Renter på nye boliglån
04,04b,99,RenterNyeBolig,2014M01,3.97,Totale utlån med pant i bolig,Husholdninger,Totalt,Renter på nye boliglån
04,04b,99,RenterNyeBolig,2014M02,3.97,Totale utlån med pant i bolig,Husholdninger,Totalt,Renter på nye boliglån
04,04b,99,RenterNyeBolig,2014M03,3.96,Totale utlån med pant i bolig,Husholdninger,Totalt,Renter på nye boliglån
04,04b,99,RenterNyeBolig,2014M04,3.87,Totale utlån med pant i bolig,Husholdninger,Totalt,Renter på nye boliglån
04,04b,99,RenterNyeBolig,2014M05,3.8,Totale utlån med pant i bolig,Husholdninger,Totalt,Renter på nye boliglån
04,04b,99,RenterNyeBolig,2014M06,3.78,Totale utlån med pant i bolig,Husholdninger,Totalt,Renter på nye boliglån
04,04b,99,RenterNyeBolig,2014M07,3.76,Totale utlån med pant i bolig,Husholdninger,Totalt,Renter på nye boliglån
04,04b,99,RenterNyeBolig,2014M08,3.76,Totale utlån med pant i bolig,Husholdninger,Totalt,Renter på nye boliglån
04,04b,99,RenterNyeBolig,2014M09,3.72,Totale utlån med pant i bolig,Husholdninger,Totalt,Renter på nye boliglån
04,04b,99,RenterNyeBolig,2014M10,3.58,Totale utlån med pant i bolig,Husholdninger,Totalt,Renter på nye boliglån
04,04b,99,RenterNyeBolig,2014M11,3.53,Totale utlån med pant i bolig,Husholdninger,Totalt,Renter på nye boliglån
04,04b,99,RenterNyeBolig,2014M12,3.48,Totale utlån med pant i bolig,Husholdninger,Totalt,Renter på nye boliglån
04,04b,99,RenterNyeBolig,2015M01,3.18,Totale utlån med pant i bolig,Husholdninger,Totalt,Renter på nye boliglån
04,04b,99,RenterNyeBolig,2015M02,3.01,Totale utlån med pant i bolig,Husholdninger,Totalt,Renter på nye boliglån
04,04b,99,RenterNyeBolig,2015M03,2.99,Totale utlån med pant i bolig,Husholdninger,Totalt,Renter på nye boliglån
04,04b,99,RenterNyeBolig,2015M04,3.01,Totale utlån med pant i bolig,Husholdninger,Totalt,Renter på nye boliglån
04,04b,99,RenterNyeBolig,2015M05,3.0,Totale utlån med pant i bolig,Husholdninger,Totalt,Renter på nye boliglån
04,04b,99,RenterNyeBolig,2015M06,2.97,Totale utlån med pant i bolig,Husholdninger,Totalt,Renter på nye boliglån
04,04b,99,RenterNyeBolig,2015M07,2.86,Totale utlån med pant i bolig,Husholdninger,Totalt,Renter på nye boliglån
04,04b,99,RenterNyeBolig,2015M08,2.82,Totale utlån med pant i bolig,Husholdninger,Totalt,Renter på nye boliglån
04,04b,99,RenterNyeBolig,2015M09,2.78,Totale utlån med pant i bolig,Husholdninger,Totalt,Renter på nye boliglån
04,04b,99,RenterNyeBolig,2015M10,2.6,Totale utlån med pant i bolig,Husholdninger,Totalt,Renter på nye boliglån
04,04b,99,RenterNyeBolig,2015M11,2.57,Totale utlån med pant i bolig,Husholdninger,Totalt,Renter på nye boliglån
04,04b,99,RenterNyeBolig,2015M12,2.53,Totale utlån med pant i bolig,Husholdninger,Totalt,Renter på nye boliglån
04,04b,99,RenterNyeBolig,2016M01,2.55,Totale utlån med pant i bolig,Husholdninger,Totalt,Renter på nye boliglån
04,04b,99,RenterNyeBolig,2016M02,2.5,Totale utlån med pant i bolig,Husholdninger,Totalt,Renter på nye boliglån
04,04b,99,RenterNyeBolig,2016M03,2.47,Totale utlån med pant i bolig,Husholdninger,Totalt,Renter på nye boliglån
04,04b,99,RenterNyeBolig,2016M04,2.39,Totale utlån med pant i bolig,Husholdninger,Totalt,Renter på nye boliglån
04,04b,99,RenterNyeBolig,2016M05,2.37,Totale utlån med pant i bolig,Husholdninger,Totalt,Renter på nye boliglån
04,04b,99,RenterNyeBolig,2016M06,2.37,Totale utlån med pant i bolig,Husholdninger,Totalt,Renter på nye boliglån
04,04b,99,RenterNyeBolig,2016M07,2.38,Totale utlån med pant i bolig,Husholdninger,Totalt,Renter på nye boliglån
04,04b,99,RenterNyeBolig,2016M08,2.35,Totale utlån med pant i bolig,Husholdninger,Totalt,Renter på nye boliglån
04,04b,99,RenterNyeBolig,2016M09,2.36,Totale utlån med pant i bolig,Husholdninger,Totalt,Renter på nye boliglån
04,04b,99,RenterNyeBolig,2016M10,2.39,Totale utlån med pant i bolig,Husholdninger,Totalt,Renter på nye boliglån
04,04b,99,RenterNyeBolig,2016M11,2.44,Totale utlån med pant i bolig,Husholdninger,Totalt,Renter på nye boliglån
04,04b,99,RenterNyeBolig,2016M12,2.46,Totale utlån med pant i bolig,Husholdninger,Totalt,Renter på nye boliglån
04,04b,99,RenterNyeBolig,2017M01,2.49,Totale utlån med pant i bolig,Husholdninger,Totalt,Renter på nye boliglån
04,04b,99,RenterNyeBolig,2017M02,2.5,Totale utlån med pant i bolig,Husholdninger,Totalt,Renter på nye boliglån
04,04b,99,RenterNyeBolig,2017M03,2.53,Totale utlån med pant i bolig,Husholdninger,Totalt,Renter på nye boliglån
04,04b,99,RenterNyeBolig,2017M04,2.53,Totale utlån med pant i bolig,Husholdninger,Totalt,Renter på nye boliglån
04,04b,99,RenterNyeBolig,2017M05,2.51,Totale utlån med pant i bolig,Husholdninger,Totalt,Renter på nye boliglån
04,04b,99,RenterNyeBolig,2017M06,2.51,Totale utlån med pant i bolig,Husholdninger,Totalt,Renter på nye boliglån
04,04b,99,RenterNyeBolig,2017M07,2.51,Totale utlån med pant i bolig,Husholdninger,Totalt,Renter på nye boliglån
04,04b,99,RenterNyeBolig,2017M08,2.5,Totale utlån med pant i bolig,Husholdninger,Totalt,Renter på nye boliglån
04,04b,99,RenterNyeBolig,2017M09,2.49,Totale utlån med pant i bolig,Husholdninger,Totalt,Renter på nye boliglån
04,04b,99,RenterNyeBolig,2017M10,2.45,Totale utlån med pant i bolig,Husholdninger,Totalt,Renter på nye boliglån
04,04b,99,RenterNyeBolig,2017M11,2.45,Totale utlån med pant i bolig,Husholdninger,Totalt,Renter på nye boliglån
04,04b,99,RenterNyeBolig,2017M12,2.42,Totale utlån med pant i bolig,Husholdninger,Totalt,Renter på nye boliglån
04,04b,99,RenterNyeBolig,2018M01,2.43,Totale utlån med pant i bolig,Husholdninger,Totalt,Renter på nye boliglån
04,04b,99,RenterNyeBolig,2018M02,2.44,Totale utlån med pant i bolig,Husholdninger,Totalt,Renter på nye boliglån
04,04b,99,RenterNyeBolig,2018M03,2.44,Totale utlån med pant i bolig,Husholdninger,Totalt,Renter på nye boliglån
04,04b,99,RenterNyeBolig,2018M04,2.42,Totale utlån med pant i bolig,Husholdninger,Totalt,Renter på nye boliglån
04,04b,99,RenterNyeBolig,2018M05,2.43,Totale utlån med pant i bolig,Husholdninger,Totalt,Renter på nye boliglån
04,04b,99,RenterNyeBolig,2018M06,2.43,Totale utlån med pant i bolig,Husholdninger,Totalt,Renter på nye boliglån
04,04b,99,RenterNyeBolig,2018M07,2.45,Totale utlån med pant i bolig,Husholdninger,Totalt,Renter på nye boliglån
04,04b,99,RenterNyeBolig,2018M08,2.43,Totale utlån med pant i bolig,Husholdninger,Totalt,Renter på nye boliglån
04,04b,99,RenterNyeBolig,2018M09,2.44,Totale utlån med pant i bolig,Husholdninger,Totalt,Renter på nye boliglån
04,04b,99,RenterNyeBolig,2018M10,2.55,Totale utlån med pant i bolig,Husholdninger,Totalt,Renter på nye boliglån
04,04b,99,RenterNyeBolig,2018M11,2.58,Totale utlån med pant i bolig,Husholdninger,Totalt,Renter på nye boliglån
04,04b,99,RenterNyeBolig,2018M12,2.55,Totale utlån med pant i bolig,Husholdninger,Totalt,Renter på nye boliglån
04,04b,99,RenterNyeBolig,2019M01,2.51,Totale utlån med pant i bolig,Husholdninger,Totalt,Renter på nye boliglån
04,04b,99,RenterNyeBolig,2019M02,2.5,Totale utlån med pant i bolig,Husholdninger,Totalt,Renter på nye boliglån
04,04b,99,RenterNyeBolig,2019M03,2.52,Totale utlån med pant i bolig,Husholdninger,Totalt,Renter på nye boliglån
04,04b,99,RenterNyeBolig,2019M04,2.65,Totale utlån med pant i bolig,Husholdninger,Totalt,Renter på nye boliglån
04,04b,99,RenterNyeBolig,2019M05,2.68,Totale utlån med pant i bolig,Husholdninger,Totalt,Renter på nye boliglån
04,04b,99,RenterNyeBolig,2019M06,2.72,Totale utlån med pant i bolig,Husholdninger,Totalt,Renter på nye boliglån
04,04b,99,RenterNyeBolig,2019M07,2.81,Totale utlån med pant i bolig,Husholdninger,Totalt,Renter på nye boliglån
04,04b,99,RenterNyeBolig,2019M08,2.87,Totale utlån med pant i bolig,Husholdninger,Totalt,Renter på nye boliglån
04,04b,99,RenterNyeBolig,2019M09,2.87,Totale utlån med pant i bolig,Husholdninger,Totalt,Renter på nye boliglån
04,04b,99,RenterNyeBolig,2019M10,2.97,Totale utlån med pant i bolig,Husholdninger,Totalt,Renter på nye boliglån
04,04b,99,RenterNyeBolig,2019M11,3.03,Totale utlån med pant i bolig,Husholdninger,Totalt,Renter på nye boliglån
04,04b,99,RenterNyeBolig,2019M12,3.04,Totale utlån med pant i bolig,Husholdninger,Totalt,Renter på nye boliglån
04,04b,99,RenterNyeBolig,2020M01,3.02,Totale utlån med pant i bolig,Husholdninger,Totalt,Renter på nye boliglån
04,04b,99,RenterNyeBolig,2020M02,3.03,Totale utlån med pant i bolig,Husholdninger,Totalt,Renter på nye boliglån
04,04b,99,RenterNyeBolig,2020M03,2.76,Totale utlån med pant i bolig,Husholdninger,Totalt,Renter på nye boliglån
04,04b,99,RenterNyeBolig,2020M04,2.23,Totale utlån med pant i bolig,Husholdninger,Totalt,Renter på nye boliglån
04,04b,99,RenterNyeBolig,2020M05,1.88,Totale utlån med pant i bolig,Husholdninger,Totalt,Renter på nye boliglån
04,04b,99,RenterNyeBolig,2020M06,1.8,Totale utlån med pant i bolig,Husholdninger,Totalt,Renter på nye boliglån
04,04b,99,RenterNyeBolig,2020M07,1.82,Totale utlån med pant i bolig,Husholdninger,Totalt,Renter på nye boliglån
04,04b,99,RenterNyeBolig,2020M08,1.82,Totale utlån med pant i bolig,Husholdninger,Totalt,Renter på nye boliglån
04,04b,99,RenterNyeBolig,2020M09,1.81,Totale utlån med pant i bolig,Husholdninger,Totalt,Renter på nye boliglån
04,04b,99,RenterNyeBolig,2020M10,1.81,Totale utlån med pant i bolig,Husholdninger,Totalt,Renter på nye boliglån
04,04b,99,RenterNyeBolig,2020M11,1.79,Totale utlån med pant i bolig,Husholdninger,Totalt,Renter på nye boliglån
04,04b,99,RenterNyeBolig,2020M12,1.77,Totale utlån med pant i bolig,Husholdninger,Totalt,Renter på nye boliglån
04,04b,99,RenterNyeBolig,2021M01,1.78,Totale utlån med pant i bolig,Husholdninger,Totalt,Renter på nye boliglån
04,04b,99,RenterNyeBolig,2021M02,1.77,Totale utlån med pant i bolig,Husholdninger,Totalt,Renter på nye boliglån
04,04b,99,RenterNyeBolig,2021M03,1.77,Totale utlån med pant i bolig,Husholdninger,Totalt,Renter på nye boliglån
04,04b,99,RenterNyeBolig,2021M04,1.77,Totale utlån med pant i bolig,Husholdninger,Totalt,Renter på nye boliglån
04,04b,99,RenterNyeBolig,2021M05,1.76,Totale utlån med pant i bolig,Husholdninger,Totalt,Renter på nye boliglån
04,04b,99,RenterNyeBolig,2021M06,1.75,Totale utlån med pant i bolig,Husholdninger,Totalt,Renter på nye boliglån
04,04b,99,RenterNyeBolig,2021M07,1.75,Totale utlån med pant i bolig,Husholdninger,Totalt,Renter på nye boliglån
04,04b,99,RenterNyeBolig,2021M08,1.74,Totale utlån med pant i bolig,Husholdninger,Totalt,Renter på nye boliglån
04,04b,99,RenterNyeBolig,2021M09,1.75,Totale utlån med pant i bolig,Husholdninger,Totalt,Renter på nye boliglån
04,04b,99,RenterNyeBolig,2021M10,1.86,Totale utlån med pant i bolig,Husholdninger,Totalt,Renter på nye boliglån
04,04b,99,RenterNyeBolig,2021M11,1.91,Totale utlån med pant i bolig,Husholdninger,Totalt,Renter på nye boliglån
04,04b,99,RenterNyeBolig,2021M12,1.93,Totale utlån med pant i bolig,Husholdninger,Totalt,Renter på nye boliglån
04,04b,99,RenterNyeBolig,2022M01,2.07,Totale utlån med pant i bolig,Husholdninger,Totalt,Renter på nye boliglån
04,04b,99,RenterNyeBolig,2022M02,2.12,Totale utlån med pant i bolig,Husholdninger,Totalt,Renter på nye boliglån
04,04b,99,RenterNyeBolig,2022M03,2.16,Totale utlån med pant i bolig,Husholdninger,Totalt,Renter på nye boliglån
04,04b,99,RenterNyeBolig,2022M04,2.31,Totale utlån med pant i bolig,Husholdninger,Totalt,Renter på nye boliglån
04,04b,99,RenterNyeBolig,2022M05,2.36,Totale utlån med pant i bolig,Husholdninger,Totalt,Renter på nye boliglån
04,04b,99,RenterNyeBolig,2022M06,2.4,Totale utlån med pant i bolig,Husholdninger,Totalt,Renter på nye boliglån
04,04b,99,RenterNyeBolig,2022M07,2.69,Totale utlån med pant i bolig,Husholdninger,Totalt,Renter på nye boliglån
04,04b,99,RenterNyeBolig,2022M08,2.89,Totale utlån med pant i bolig,Husholdninger,Totalt,Renter på nye boliglån
04,04b,99,RenterNyeBolig,2022M09,3.29,Totale utlån med pant i bolig,Husholdninger,Totalt,Renter på nye boliglån
04,04b,99,RenterNyeBolig,2022M10,3.66,Totale utlån med pant i bolig,Husholdninger,Totalt,Renter på nye boliglån
04,04b,99,RenterNyeBolig,2022M11,3.88,Totale utlån med pant i bolig,Husholdninger,Totalt,Renter på nye boliglån
04,04b,99,RenterNyeBolig,2022M12,3.99,Totale utlån med pant i bolig,Husholdninger,Totalt,Renter på nye boliglån
04,04b,99,RenterNyeBolig,2023M01,4.17,Totale utlån med pant i bolig,Husholdninger,Totalt,Renter på nye boliglån
04,04b,99,RenterNyeBolig,2023M02,4.19,Totale utlån med pant i bolig,Husholdninger,Totalt,Renter på nye boliglån
04,04b,99,RenterNyeBolig,2023M03,4.22,Totale utlån med pant i bolig,Husholdninger,Totalt,Renter på nye boliglån
04,04b,99,RenterNyeBolig,2023M04,4.38,Totale utlån med pant i bolig,Husholdninger,Totalt,Renter på nye boliglån
04,04b,99,RenterNyeBolig,2023M05,4.52,Totale utlån med pant i bolig,Husholdninger,Totalt,Renter på nye boliglån
04,04b,99,RenterNyeBolig,2023M06,4.69,Totale utlån med pant i bolig,Husholdninger,Totalt,Renter på nye boliglån
04,04b,99,RenterNyeBolig,2023M07,4.98,Totale utlån med pant i bolig,Husholdninger,Totalt,Renter på nye boliglån
04,04b,99,RenterNyeBolig,2023M08,5.19,Totale utlån med pant i bolig,Husholdninger,Totalt,Renter på nye boliglån
04,04b,99,RenterNyeBolig,2023M09,5.34,Totale utlån med pant i bolig,Husholdninger,Totalt,Renter på nye boliglån
04,04b,99,RenterNyeBolig,2023M10,5.46,Totale utlån med pant i bolig,Husholdninger,Totalt,Renter på nye boliglån
04,04b,99,RenterNyeBolig,2023M11,5.54,Totale utlån med pant i bolig,Husholdninger,Totalt,Renter på nye boliglån
04,04b,99,RenterNyeBolig,2023M12,5.56,Totale utlån med pant i bolig,Husholdninger,Totalt,Renter på nye boliglån
04,04b,99,RenterNyeBolig,2024M01,5.62,Totale utlån med pant i bolig,Husholdninger,Totalt,Renter på nye boliglån
04,04b,99,RenterNyeBolig,2024M02,5.66,Totale utlån med pant i bolig,Husholdninger,Totalt,Renter på nye boliglån
04,04b,99,RenterNyeBolig,2024M03,5.71,Totale utlån med pant i bolig,Husholdninger,Totalt,Renter på nye boliglån
04,04b,99,RenterNyeBolig,2024M04,5.74,Totale utlån med pant i bolig,Husholdninger,Totalt,Renter på nye boliglån
04,04b,99,RenterNyeBolig,2024M05,5.72,Totale utlån med pant i bolig,Husholdninger,Totalt,Renter på nye boliglån
04,04b,99,RenterNyeBolig,2024M06,5.72,Totale utlån med pant i bolig,Husholdninger,Totalt,Renter på nye boliglån
04,04b,99,RenterNyeBolig,2024M07,5.73,Totale utlån med pant i bolig,Husholdninger,Totalt,Renter på nye boliglån
04,04b,99,RenterNyeBolig,2024M08,5.69,Totale utlån med pant i bolig,Husholdninger,Totalt,Renter på nye boliglån
04,04b,99,RenterNyeBolig,2024M09,5.58,Totale utlån med pant i bolig,Husholdninger,Totalt,Renter på nye boliglån
04,04b,99,RenterNyeBolig,2024M10,5.53,Totale utlån med pant i bolig,Husholdninger,Totalt,Renter på nye boliglån
04,04b,99,RenterNyeBolig,2024M11,5.66,Totale utlån med pant i bolig,Husholdninger,Totalt,Renter på nye boliglån
04,04b,99,RenterNyeBolig,2024M12,5.66,Totale utlån med pant i bolig,Husholdninger,Totalt,Renter på nye boliglån
04,04b,99,RenterNyeBolig,2025M01,5.68,Totale utlån med pant i bolig,Husholdninger,Totalt,Renter på nye boliglån
04,04b,99,RenterNyeBolig,2025M02,5.66,Totale utlån med pant i bolig,Husholdninger,Totalt,Renter på nye boliglån
04,04b,99,RenterNyeBolig,2025M03,5.64,Totale utlån med pant i bolig,Husholdninger,Totalt,Renter på nye boliglån
04,04b,99,RenterNyeBolig,2025M04,5.63,Totale utlån med pant i bolig,Husholdninger,Totalt,Renter på nye boliglån
04,04b,99,RenterNyeBolig,2025M05,5.63,Totale utlån med pant i bolig,Husholdninger,Totalt,Renter på nye boliglån
04,04b,99,RenterNyeBolig,2025M06,5.57,Totale utlån med pant i bolig,Husholdninger,Totalt,Renter på nye boliglån
04,04b,99,RenterNyeBolig,2025M07,5.38,Totale utlån med pant i bolig,Husholdninger,Totalt,Renter på nye boliglån
04,04b,99,RenterNyeBolig,2025M08,5.38,Totale utlån med pant i bolig,Husholdninger,Totalt,Renter på nye boliglån
04,04b,99,RenterNyeBolig,2025M09,5.27,Totale utlån med pant i bolig,Husholdninger,Totalt,Renter på nye boliglån
04,04b,99,RenterNyeBolig,2025M10,5.1,Totale utlån med pant i bolig,Husholdninger,Totalt,Renter på nye boliglån
04,04b,99,RenterNyeBolig,2025M11,5.12,Totale utlån med pant i bolig,Husholdninger,Totalt,Renter på nye boliglån
04,04b,99,RenterNyeBolig,2025M12,5.09,Totale utlån med pant i bolig,Husholdninger,Totalt,Renter på nye boliglån
04,04b,99,RenterNyeBolig,2026M01,5.07,Totale utlån med pant i bolig,Husholdninger,Totalt,Renter på nye boliglån
04,04b,99,RenterNyeBolig,2026M02,5.07,Totale utlån med pant i bolig,Husholdninger,Totalt,Renter på nye boliglån
04,04b,99,RenterNyeBolig,2026M03,5.06,Totale utlån med pant i bolig,Husholdninger,Totalt,Renter på nye boliglån
04,04b,99,RenterNyeBolig,2026M04,5.07,Totale utlån med pant i bolig,Husholdninger,Totalt,Renter på nye boliglån
04,04b,99,RenterNyeBolig,2026M05,5.13,Totale utlån med pant i bolig,Husholdninger,Totalt,Renter på nye boliglån
04,04b,99,RenterNyeBolig,2026M06,5.23,Totale utlån med pant i bolig,Husholdninger,Totalt,Renter på nye boliglån
04,04b,99,RenterNyeBolig,2026M07,5.29,Totale utlån med pant i bolig,Husholdninger,Totalt,Renter på nye boliglån
04,04b,99,RenterNyeBolig,2026M08,5.32,Totale utlån med pant i bolig,Husholdninger,Totalt,Renter på nye boliglån
04,04b,08,RenterNyeBolig,2013M12,3.97,Totale utlån med pant i bolig,Husholdninger,Inntil 3 måneder (flytende rente),Renter på nye boliglån
04,04b,08,RenterNyeBolig,2014M01,3.96,Totale utlån med pant i bolig,Husholdninger,Inntil 3 måneder (flytende rente),Renter på nye boliglån
04,04b,08,RenterNyeBolig,2014M02,3.97,Totale utlån med pant i bolig,Husholdninger,Inntil 3 måneder (flytende rente),Renter på nye boliglån
04,04b,08,RenterNyeBolig,2014M03,3.95,Totale utlån med pant i bolig,Husholdninger,Inntil 3 måneder (flytende rente),Renter på nye boliglån
04,04b,08,RenterNyeBolig,2014M04,3.87,Totale utlån med pant i bolig,Husholdninger,Inntil 3 måneder (flytende rente),Renter på nye boliglån
04,04b,08,RenterNyeBolig,2014M05,3.8,Totale utlån med pant i bolig,Husholdninger,Inntil 3 måneder (flytende rente),Renter på nye boliglån
04,04b,08,RenterNyeBolig,2014M06,3.78,Totale utlån med pant i bolig,Husholdninger,Inntil 3 måneder (flytende rente),Renter på nye boliglån
04,04b,08,RenterNyeBolig,2014M07,3.76,Totale utlån med pant i bolig,Husholdninger,Inntil 3 måneder (flytende rente),Renter på nye boliglån
04,04b,08,RenterNyeBolig,2014M08,3.76,Totale utlån med pant i bolig,Husholdninger,Inntil 3 måneder (flytende rente),Renter på nye boliglån
04,04b,08,RenterNyeBolig,2014M09,3.73,Totale utlån med pant i bolig,Husholdninger,Inntil 3 måneder (flytende rente),Renter på nye boliglån
04,04b,08,RenterNyeBolig,2014M10,3.59,Totale utlån med pant i bolig,Husholdninger,Inntil 3 måneder (flytende rente),Renter på nye boliglån
04,04b,08,RenterNyeBolig,2014M11,3.54,Totale utlån med pant i bolig,Husholdninger,Inntil 3 måneder (flytende rente),Renter på nye boliglån
04,04b,08,RenterNyeBolig,2014M12,3.49,Totale utlån med pant i bolig,Husholdninger,Inntil 3 måneder (flytende rente),Renter på nye boliglån
04,04b,08,RenterNyeBolig,2015M01,3.22,Totale utlån med pant i bolig,Husholdninger,Inntil 3 måneder (flytende rente),Renter på nye boliglån
04,04b,08,RenterNyeBolig,2015M02,3.11,Totale utlån med pant i bolig,Husholdninger,Inntil 3 måneder (flytende rente),Renter på nye boliglån
04,04b,08,RenterNyeBolig,2015M03,3.08,Totale utlån med pant i bolig,Husholdninger,Inntil 3 måneder (flytende rente),Renter på nye boliglån
04,04b,08,RenterNyeBolig,2015M04,3.09,Totale utlån med pant i bolig,Husholdninger,Inntil 3 måneder (flytende rente),Renter på nye boliglån
04,04b,08,RenterNyeBolig,2015M05,3.07,Totale utlån med pant i bolig,Husholdninger,Inntil 3 måneder (flytende rente),Renter på nye boliglån
04,04b,08,RenterNyeBolig,2015M06,3.0,Totale utlån med pant i bolig,Husholdninger,Inntil 3 måneder (flytende rente),Renter på nye boliglån
04,04b,08,RenterNyeBolig,2015M07,2.87,Totale utlån med pant i bolig,Husholdninger,Inntil 3 måneder (flytende rente),Renter på nye boliglån
04,04b,08,RenterNyeBolig,2015M08,2.83,Totale utlån med pant i bolig,Husholdninger,Inntil 3 måneder (flytende rente),Renter på nye boliglån
04,04b,08,RenterNyeBolig,2015M09,2.78,Totale utlån med pant i bolig,Husholdninger,Inntil 3 måneder (flytende rente),Renter på nye boliglån
04,04b,08,RenterNyeBolig,2015M10,2.6,Totale utlån med pant i bolig,Husholdninger,Inntil 3 måneder (flytende rente),Renter på nye boliglån
04,04b,08,RenterNyeBolig,2015M11,2.57,Totale utlån med pant i bolig,Husholdninger,Inntil 3 måneder (flytende rente),Renter på nye boliglån
04,04b,08,RenterNyeBolig,2015M12,2.54,Totale utlån med pant i bolig,Husholdninger,Inntil 3 måneder (flytende rente),Renter på nye boliglån
04,04b,08,RenterNyeBolig,2016M01,2.55,Totale utlån med pant i bolig,Husholdninger,Inntil 3 måneder (flytende rente),Renter på nye boliglån
04,04b,08,RenterNyeBolig,2016M02,2.5,Totale utlån med pant i bolig,Husholdninger,Inntil 3 måneder (flytende rente),Renter på nye boliglån
04,04b,08,RenterNyeBolig,2016M03,2.48,Totale utlån med pant i bolig,Husholdninger,Inntil 3 måneder (flytende rente),Renter på nye boliglån
04,04b,08,RenterNyeBolig,2016M04,2.4,Totale utlån med pant i bolig,Husholdninger,Inntil 3 måneder (flytende rente),Renter på nye boliglån
04,04b,08,RenterNyeBolig,2016M05,2.37,Totale utlån med pant i bolig,Husholdninger,Inntil 3 måneder (flytende rente),Renter på nye boliglån
04,04b,08,RenterNyeBolig,2016M06,2.38,Totale utlån med pant i bolig,Husholdninger,Inntil 3 måneder (flytende rente),Renter på nye boliglån
04,04b,08,RenterNyeBolig,2016M07,2.38,Totale utlån med pant i bolig,Husholdninger,Inntil 3 måneder (flytende rente),Renter på nye boliglån
04,04b,08,RenterNyeBolig,2016M08,2.35,Totale utlån med pant i bolig,Husholdninger,Inntil 3 måneder (flytende rente),Renter på nye boliglån
04,04b,08,RenterNyeBolig,2016M09,2.36,Totale utlån med pant i bolig,Husholdninger,Inntil 3 måneder (flytende rente),Renter på nye boliglån
04,04b,08,RenterNyeBolig,2016M10,2.38,Totale utlån med pant i bolig,Husholdninger,Inntil 3 måneder (flytende rente),Renter på nye boliglån
04,04b,08,RenterNyeBolig,2016M11,2.43,Totale utlån med pant i bolig,Husholdninger,Inntil 3 måneder (flytende rente),Renter på nye boliglån
04,04b,08,RenterNyeBolig,2016M12,2.44,Totale utlån med pant i bolig,Husholdninger,Inntil 3 måneder (flytende rente),Renter på nye boliglån
04,04b,08,RenterNyeBolig,2017M01,2.47,Totale utlån med pant i bolig,Husholdninger,Inntil 3 måneder (flytende rente),Renter på nye boliglån
04,04b,08,RenterNyeBolig,2017M02,2.49,Totale utlån med pant i bolig,Husholdninger,Inntil 3 måneder (flytende rente),Renter på nye boliglån
04,04b,08,RenterNyeBolig,2017M03,2.52,Totale utlån med pant i bolig,Husholdninger,Inntil 3 måneder (flytende rente),Renter på nye boliglån
04,04b,08,RenterNyeBolig,2017M04,2.52,Totale utlån med pant i bolig,Husholdninger,Inntil 3 måneder (flytende rente),Renter på nye boliglån
04,04b,08,RenterNyeBolig,2017M05,2.51,Totale utlån med pant i bolig,Husholdninger,Inntil 3 måneder (flytende rente),Renter på nye boliglån
04,04b,08,RenterNyeBolig,2017M06,2.51,Totale utlån med pant i bolig,Husholdninger,Inntil 3 måneder (flytende rente),Renter på nye boliglån
04,04b,08,RenterNyeBolig,2017M07,2.51,Totale utlån med pant i bolig,Husholdninger,Inntil 3 måneder (flytende rente),Renter på nye boliglån
04,04b,08,RenterNyeBolig,2017M08,2.5,Totale utlån med pant i bolig,Husholdninger,Inntil 3 måneder (flytende rente),Renter på nye boliglån
04,04b,08,RenterNyeBolig,2017M09,2.49,Totale utlån med pant i bolig,Husholdninger,Inntil 3 måneder (flytende rente),Renter på nye boliglån
04,04b,08,RenterNyeBolig,2017M10,2.45,Totale utlån med pant i bolig,Husholdninger,Inntil 3 måneder (flytende rente),Renter på nye boliglån
04,04b,08,RenterNyeBolig,2017M11,2.45,Totale utlån med pant i bolig,Husholdninger,Inntil 3 måneder (flytende rente),Renter på nye boliglån
04,04b,08,RenterNyeBolig,2017M12,2.42,Totale utlån med pant i bolig,Husholdninger,Inntil 3 måneder (flytende rente),Renter på nye boliglån
04,04b,08,RenterNyeBolig,2018M01,2.42,Totale utlån med pant i bolig,Husholdninger,Inntil 3 måneder (flytende rente),Renter på nye boliglån
04,04b,08,RenterNyeBolig,2018M02,2.42,Totale utlån med pant i bolig,Husholdninger,Inntil 3 måneder (flytende rente),Renter på nye boliglån
04,04b,08,RenterNyeBolig,2018M03,2.41,Totale utlån med pant i bolig,Husholdninger,Inntil 3 måneder (flytende rente),Renter på nye boliglån
04,04b,08,RenterNyeBolig,2018M04,2.4,Totale utlån med pant i bolig,Husholdninger,Inntil 3 måneder (flytende rente),Renter på nye boliglån
04,04b,08,RenterNyeBolig,2018M05,2.42,Totale utlån med pant i bolig,Husholdninger,Inntil 3 måneder (flytende rente),Renter på nye boliglån
04,04b,08,RenterNyeBolig,2018M06,2.41,Totale utlån med pant i bolig,Husholdninger,Inntil 3 måneder (flytende rente),Renter på nye boliglån
04,04b,08,RenterNyeBolig,2018M07,2.44,Totale utlån med pant i bolig,Husholdninger,Inntil 3 måneder (flytende rente),Renter på nye boliglån
04,04b,08,RenterNyeBolig,2018M08,2.42,Totale utlån med pant i bolig,Husholdninger,Inntil 3 måneder (flytende rente),Renter på nye boliglån
04,04b,08,RenterNyeBolig,2018M09,2.42,Totale utlån med pant i bolig,Husholdninger,Inntil 3 måneder (flytende rente),Renter på nye boliglån
04,04b,08,RenterNyeBolig,2018M10,2.54,Totale utlån med pant i bolig,Husholdninger,Inntil 3 måneder (flytende rente),Renter på nye boliglån
04,04b,08,RenterNyeBolig,2018M11,2.57,Totale utlån med pant i bolig,Husholdninger,Inntil 3 måneder (flytende rente),Renter på nye boliglån
04,04b,08,RenterNyeBolig,2018M12,2.54,Totale utlån med pant i bolig,Husholdninger,Inntil 3 måneder (flytende rente),Renter på nye boliglån
04,04b,08,RenterNyeBolig,2019M01,2.5,Totale utlån med pant i bolig,Husholdninger,Inntil 3 måneder (flytende rente),Renter på nye boliglån
04,04b,08,RenterNyeBolig,2019M02,2.49,Totale utlån med pant i bolig,Husholdninger,Inntil 3 måneder (flytende rente),Renter på nye boliglån
04,04b,08,RenterNyeBolig,2019M03,2.52,Totale utlån med pant i bolig,Husholdninger,Inntil 3 måneder (flytende rente),Renter på nye boliglån
04,04b,08,RenterNyeBolig,2019M04,2.64,Totale utlån med pant i bolig,Husholdninger,Inntil 3 måneder (flytende rente),Renter på nye boliglån
04,04b,08,RenterNyeBolig,2019M05,2.68,Totale utlån med pant i bolig,Husholdninger,Inntil 3 måneder (flytende rente),Renter på nye boliglån
04,04b,08,RenterNyeBolig,2019M06,2.72,Totale utlån med pant i bolig,Husholdninger,Inntil 3 måneder (flytende rente),Renter på nye boliglån
04,04b,08,RenterNyeBolig,2019M07,2.81,Totale utlån med pant i bolig,Husholdninger,Inntil 3 måneder (flytende rente),Renter på nye boliglån
04,04b,08,RenterNyeBolig,2019M08,2.87,Totale utlån med pant i bolig,Husholdninger,Inntil 3 måneder (flytende rente),Renter på nye boliglån
04,04b,08,RenterNyeBolig,2019M09,2.88,Totale utlån med pant i bolig,Husholdninger,Inntil 3 måneder (flytende rente),Renter på nye boliglån
04,04b,08,RenterNyeBolig,2019M10,2.98,Totale utlån med pant i bolig,Husholdninger,Inntil 3 måneder (flytende rente),Renter på nye boliglån
04,04b,08,RenterNyeBolig,2019M11,3.04,Totale utlån med pant i bolig,Husholdninger,Inntil 3 måneder (flytende rente),Renter på nye boliglån
04,04b,08,RenterNyeBolig,2019M12,3.04,Totale utlån med pant i bolig,Husholdninger,Inntil 3 måneder (flytende rente),Renter på nye boliglån
04,04b,08,RenterNyeBolig,2020M01,3.03,Totale utlån med pant i bolig,Husholdninger,Inntil 3 måneder (flytende rente),Renter på nye boliglån
04,04b,08,RenterNyeBolig,2020M02,3.03,Totale utlån med pant i bolig,Husholdninger,Inntil 3 måneder (flytende rente),Renter på nye boliglån
04,04b,08,RenterNyeBolig,2020M03,2.77,Totale utlån med pant i bolig,Husholdninger,Inntil 3 måneder (flytende rente),Renter på nye boliglån
04,04b,08,RenterNyeBolig,2020M04,2.23,Totale utlån med pant i bolig,Husholdninger,Inntil 3 måneder (flytende rente),Renter på nye boliglån
04,04b,08,RenterNyeBolig,2020M05,1.88,Totale utlån med pant i bolig,Husholdninger,Inntil 3 måneder (flytende rente),Renter på nye boliglån
04,04b,08,RenterNyeBolig,2020M06,1.8,Totale utlån med pant i bolig,Husholdninger,Inntil 3 måneder (flytende rente),Renter på nye boliglån
04,04b,08,RenterNyeBolig,2020M07,1.81,Totale utlån med pant i bolig,Husholdninger,Inntil 3 måneder (flytende rente),Renter på nye boliglån
04,04b,08,RenterNyeBolig,2020M08,1.82,Totale utlån med pant i bolig,Husholdninger,Inntil 3 måneder (flytende rente),Renter på nye boliglån
04,04b,08,RenterNyeBolig,2020M09,1.81,Totale utlån med pant i bolig,Husholdninger,Inntil 3 måneder (flytende rente),Renter på nye boliglån
04,04b,08,RenterNyeBolig,2020M10,1.81,Totale utlån med pant i bolig,Husholdninger,Inntil 3 måneder (flytende rente),Renter på nye boliglån
04,04b,08,RenterNyeBolig,2020M11,1.79,Totale utlån med pant i bolig,Husholdninger,Inntil 3 måneder (flytende rente),Renter på nye boliglån
04,04b,08,RenterNyeBolig,2020M12,1.77,Totale utlån med pant i bolig,Husholdninger,Inntil 3 måneder (flytende rente),Renter på nye boliglån
04,04b,08,RenterNyeBolig,2021M01,1.77,Totale utlån med pant i bolig,Husholdninger,Inntil 3 måneder (flytende rente),Renter på nye boliglån
04,04b,08,RenterNyeBolig,2021M02,1.76,Totale utlån med pant i bolig,Husholdninger,Inntil 3 måneder (flytende rente),Renter på nye boliglån
04,04b,08,RenterNyeBolig,2021M03,1.76,Totale utlån med pant i bolig,Husholdninger,Inntil 3 måneder (flytende rente),Renter på nye boliglån
04,04b,08,RenterNyeBolig,2021M04,1.76,Totale utlån med pant i bolig,Husholdninger,Inntil 3 måneder (flytende rente),Renter på nye boliglån
04,04b,08,RenterNyeBolig,2021M05,1.75,Totale utlån med pant i bolig,Husholdninger,Inntil 3 måneder (flytende rente),Renter på nye boliglån
04,04b,08,RenterNyeBolig,2021M06,1.74,Totale utlån med pant i bolig,Husholdninger,Inntil 3 måneder (flytende rente),Renter på nye boliglån
04,04b,08,RenterNyeBolig,2021M07,1.74,Totale utlån med pant i bolig,Husholdninger,Inntil 3 måneder (flytende rente),Renter på nye boliglån
04,04b,08,RenterNyeBolig,2021M08,1.73,Totale utlån med pant i bolig,Husholdninger,Inntil 3 måneder (flytende rente),Renter på nye boliglån
04,04b,08,RenterNyeBolig,2021M09,1.73,Totale utlån med pant i bolig,Husholdninger,Inntil 3 måneder (flytende rente),Renter på nye boliglån
04,04b,08,RenterNyeBolig,2021M10,1.84,Totale utlån med pant i bolig,Husholdninger,Inntil 3 måneder (flytende rente),Renter på nye boliglån
04,04b,08,RenterNyeBolig,2021M11,1.9,Totale utlån med pant i bolig,Husholdninger,Inntil 3 måneder (flytende rente),Renter på nye boliglån
04,04b,08,RenterNyeBolig,2021M12,1.92,Totale utlån med pant i bolig,Husholdninger,Inntil 3 måneder (flytende rente),Renter på nye boliglån
04,04b,08,RenterNyeBolig,2022M01,2.06,Totale utlån med pant i bolig,Husholdninger,Inntil 3 måneder (flytende rente),Renter på nye boliglån
04,04b,08,RenterNyeBolig,2022M02,2.1,Totale utlån med pant i bolig,Husholdninger,Inntil 3 måneder (flytende rente),Renter på nye boliglån
04,04b,08,RenterNyeBolig,2022M03,2.12,Totale utlån med pant i bolig,Husholdninger,Inntil 3 måneder (flytende rente),Renter på nye boliglån
04,04b,08,RenterNyeBolig,2022M04,2.28,Totale utlån med pant i bolig,Husholdninger,Inntil 3 måneder (flytende rente),Renter på nye boliglån
04,04b,08,RenterNyeBolig,2022M05,2.35,Totale utlån med pant i bolig,Husholdninger,Inntil 3 måneder (flytende rente),Renter på nye boliglån
04,04b,08,RenterNyeBolig,2022M06,2.38,Totale utlån med pant i bolig,Husholdninger,Inntil 3 måneder (flytende rente),Renter på nye boliglån
04,04b,08,RenterNyeBolig,2022M07,2.67,Totale utlån med pant i bolig,Husholdninger,Inntil 3 måneder (flytende rente),Renter på nye boliglån
04,04b,08,RenterNyeBolig,2022M08,2.88,Totale utlån med pant i bolig,Husholdninger,Inntil 3 måneder (flytende rente),Renter på nye boliglån
04,04b,08,RenterNyeBolig,2022M09,3.27,Totale utlån med pant i bolig,Husholdninger,Inntil 3 måneder (flytende rente),Renter på nye boliglån
04,04b,08,RenterNyeBolig,2022M10,3.65,Totale utlån med pant i bolig,Husholdninger,Inntil 3 måneder (flytende rente),Renter på nye boliglån
04,04b,08,RenterNyeBolig,2022M11,3.87,Totale utlån med pant i bolig,Husholdninger,Inntil 3 måneder (flytende rente),Renter på nye boliglån
04,04b,08,RenterNyeBolig,2022M12,3.99,Totale utlån med pant i bolig,Husholdninger,Inntil 3 måneder (flytende rente),Renter på nye boliglån
04,04b,08,RenterNyeBolig,2023M01,4.17,Totale utlån med pant i bolig,Husholdninger,Inntil 3 måneder (flytende rente),Renter på nye boliglån
04,04b,08,RenterNyeBolig,2023M02,4.19,Totale utlån med pant i bolig,Husholdninger,Inntil 3 måneder (flytende rente),Renter på nye boliglån
04,04b,08,RenterNyeBolig,2023M03,4.22,Totale utlån med pant i bolig,Husholdninger,Inntil 3 måneder (flytende rente),Renter på nye boliglån
04,04b,08,RenterNyeBolig,2023M04,4.38,Totale utlån med pant i bolig,Husholdninger,Inntil 3 måneder (flytende rente),Renter på nye boliglån
04,04b,08,RenterNyeBolig,2023M05,4.52,Totale utlån med pant i bolig,Husholdninger,Inntil 3 måneder (flytende rente),Renter på nye boliglån
04,04b,08,RenterNyeBolig,2023M06,4.69,Totale utlån med pant i bolig,Husholdninger,Inntil 3 måneder (flytende rente),Renter på nye boliglån
04,04b,08,RenterNyeBolig,2023M07,4.98,Totale utlån med pant i bolig,Husholdninger,Inntil 3 måneder (flytende rente),Renter på nye boliglån
04,04b,08,RenterNyeBolig,2023M08,5.19,Totale utlån med pant i bolig,Husholdninger,Inntil 3 måneder (flytende rente),Renter på nye boliglån
04,04b,08,RenterNyeBolig,2023M09,5.33,Totale utlån med pant i bolig,Husholdninger,Inntil 3 måneder (flytende rente),Renter på nye boliglån
04,04b,08,RenterNyeBolig,2023M10,5.46,Totale utlån med pant i bolig,Husholdninger,Inntil 3 måneder (flytende rente),Renter på nye boliglån
04,04b,08,RenterNyeBolig,2023M11,5.54,Totale utlån med pant i bolig,Husholdninger,Inntil 3 måneder (flytende rente),Renter på nye boliglån
04,04b,08,RenterNyeBolig,2023M12,5.57,Totale utlån med pant i bolig,Husholdninger,Inntil 3 måneder (flytende rente),Renter på nye boliglån
04,04b,08,RenterNyeBolig,2024M01,5.64,Totale utlån med pant i bolig,Husholdninger,Inntil 3 måneder (flytende rente),Renter på nye boliglån
04,04b,08,RenterNyeBolig,2024M02,5.67,Totale utlån med pant i bolig,Husholdninger,Inntil 3 måneder (flytende rente),Renter på nye boliglån
04,04b,08,RenterNyeBolig,2024M03,5.72,Totale utlån med pant i bolig,Husholdninger,Inntil 3 måneder (flytende rente),Renter på nye boliglån
04,04b,08,RenterNyeBolig,2024M04,5.75,Totale utlån med pant i bolig,Husholdninger,Inntil 3 måneder (flytende rente),Renter på nye boliglån
04,04b,08,RenterNyeBolig,2024M05,5.73,Totale utlån med pant i bolig,Husholdninger,Inntil 3 måneder (flytende rente),Renter på nye boliglån
04,04b,08,RenterNyeBolig,2024M06,5.73,Totale utlån med pant i bolig,Husholdninger,Inntil 3 måneder (flytende rente),Renter på nye boliglån
04,04b,08,RenterNyeBolig,2024M07,5.75,Totale utlån med pant i bolig,Husholdninger,Inntil 3 måneder (flytende rente),Renter på nye boliglån
04,04b,08,RenterNyeBolig,2024M08,5.73,Totale utlån med pant i bolig,Husholdninger,Inntil 3 måneder (flytende rente),Renter på nye boliglån
04,04b,08,RenterNyeBolig,2024M09,5.7,Totale utlån med pant i bolig,Husholdninger,Inntil 3 måneder (flytende rente),Renter på nye boliglån
04,04b,08,RenterNyeBolig,2024M10,5.65,Totale utlån med pant i bolig,Husholdninger,Inntil 3 måneder (flytende rente),Renter på nye boliglån
04,04b,08,RenterNyeBolig,2024M11,5.68,Totale utlån med pant i bolig,Husholdninger,Inntil 3 måneder (flytende rente),Renter på nye boliglån
04,04b,08,RenterNyeBolig,2024M12,5.7,Totale utlån med pant i bolig,Husholdninger,Inntil 3 måneder (flytende rente),Renter på nye boliglån
04,04b,08,RenterNyeBolig,2025M01,5.68,Totale utlån med pant i bolig,Husholdninger,Inntil 3 måneder (flytende rente),Renter på nye boliglån
04,04b,08,RenterNyeBolig,2025M02,5.67,Totale utlån med pant i bolig,Husholdninger,Inntil 3 måneder (flytende rente),Renter på nye boliglån
04,04b,08,RenterNyeBolig,2025M03,5.65,Totale utlån med pant i bolig,Husholdninger,Inntil 3 måneder (flytende rente),Renter på nye boliglån
04,04b,08,RenterNyeBolig,2025M04,5.63,Totale utlån med pant i bolig,Husholdninger,Inntil 3 måneder (flytende rente),Renter på nye boliglån
04,04b,08,RenterNyeBolig,2025M05,5.63,Totale utlån med pant i bolig,Husholdninger,Inntil 3 måneder (flytende rente),Renter på nye boliglån
04,04b,08,RenterNyeBolig,2025M06,5.58,Totale utlån med pant i bolig,Husholdninger,Inntil 3 måneder (flytende rente),Renter på nye boliglån
04,04b,08,RenterNyeBolig,2025M07,5.39,Totale utlån med pant i bolig,Husholdninger,Inntil 3 måneder (flytende rente),Renter på nye boliglån
04,04b,08,RenterNyeBolig,2025M08,5.38,Totale utlån med pant i bolig,Husholdninger,Inntil 3 måneder (flytende rente),Renter på nye boliglån
04,04b,08,RenterNyeBolig,2025M09,5.27,Totale utlån med pant i bolig,Husholdninger,Inntil 3 måneder (flytende rente),Renter på nye boliglån
04,04b,08,RenterNyeBolig,2025M10,5.1,Totale utlån med pant i bolig,Husholdninger,Inntil 3 måneder (flytende rente),Renter på nye boliglån
04,04b,08,RenterNyeBolig,2025M11,5.12,Totale utlån med pant i bolig,Husholdninger,Inntil 3 måneder (flytende rente),Renter på nye boliglån
04,04b,08,RenterNyeBolig,2025M12,5.09,Totale utlån med pant i bolig,Husholdninger,Inntil 3 måneder (flytende rente),Renter på nye boliglån
04,04b,08,RenterNyeBolig,2026M01,5.07,Totale utlån med pant i bolig,Husholdninger,Inntil 3 måneder (flytende rente),Renter på nye boliglån
04,04b,08,RenterNyeBolig,2026M02,5.07,Totale utlån med pant i bolig,Husholdninger,Inntil 3 måneder (flytende rente),Renter på nye boliglån
04,04b,08,RenterNyeBolig,2026M03,5.06,Totale utlån med pant i bolig,Husholdninger,Inntil 3 måneder (flytende rente),Renter på nye boliglån
04,04b,08,RenterNyeBolig,2026M04,5.07,Totale utlån med pant i bolig,Husholdninger,Inntil 3 måneder (flytende rente),Renter på nye boliglån
04,04b,08,RenterNyeBolig,2026M05,5.13,Totale utlån med pant i bolig,Husholdninger,Inntil 3 måneder (flytende rente),Renter på nye boliglån
04,04b,08,RenterNyeBolig,2026M06,5.23,Totale utlån med pant i bolig,Husholdninger,Inntil 3 måneder (flytende rente),Renter på nye boliglån
04,04b,08,RenterNyeBolig,2026M07,5.29,Totale utlån med pant i bolig,Husholdninger,Inntil 3 måneder (flytende rente),Renter på nye boliglån
04,04b,08,RenterNyeBolig,2026M08,5.32,Totale utlån med pant i bolig,Husholdninger,Inntil 3 måneder (flytende rente),Renter på nye boliglån
