ContentsCode,period,value,ContentsCode_label
KpiIndMnd,1920M03,3.7,Konsumprisindeks
KpiIndMnd,1920M04,3.8,Konsumprisindeks
KpiIndMnd,1920M05,3.8,Konsumprisindeks
KpiIndMnd,1920M06,3.9,Konsumprisindeks
KpiIndMnd,1920M07,4.0,Konsumprisindeks
KpiIndMnd,1920M08,4.1,Konsumprisindeks
KpiIndMnd,1920M09,4.2,Konsumprisindeks
KpiIndMnd,1920M10,4.3,Konsumprisindeks
KpiIndMnd,1920M11,4.3,Konsumprisindeks
KpiIndMnd,1920M12,4.3,Konsumprisindeks
KpiIndMnd,1921M01,4.2,Konsumprisindeks
KpiIndMnd,1921M02,3.9,Konsumprisindeks
KpiIndMnd,1921M03,3.8,Konsumprisindeks
KpiIndMnd,1921M04,3.8,Konsumprisindeks
KpiIndMnd,1921M05,3.7,Konsumprisindeks
KpiIndMnd,1921M06,3.7,Konsumprisindeks
KpiIndMnd,1921M07,3.7,Konsumprisindeks
KpiIndMnd,1921M08,3.7,Konsumprisindeks
KpiIndMnd,1921M09,3.6,Konsumprisindeks
KpiIndMnd,1921M10,3.6,Konsumprisindeks
KpiIndMnd,1921M11,3.6,Konsumprisindeks
KpiIndMnd,1921M12,3.4,Konsumprisindeks
KpiIndMnd,1922M01,3.4,Konsumprisindeks
KpiIndMnd,1922M02,3.3,Konsumprisindeks
KpiIndMnd,1922M03,3.2,Konsumprisindeks
KpiIndMnd,1922M04,3.2,Konsumprisindeks
KpiIndMnd,1922M05,3.1,Konsumprisindeks
KpiIndMnd,1922M06,3.1,Konsumprisindeks
KpiIndMnd,1922M07,3.1,Konsumprisindeks
KpiIndMnd,1922M08,3.1,Konsumprisindeks
KpiIndMnd,1922M09,3.1,Konsumprisindeks
KpiIndMnd,1922M10,3.0,Konsumprisindeks
KpiIndMnd,1922M11,3.0,Konsumprisindeks
KpiIndMnd,1922M12,2.9,Konsumprisindeks
KpiIndMnd,1923M01,2.9,Konsumprisindeks
KpiIndMnd,1923M02,2.9,Konsumprisindeks
KpiIndMnd,1923M03,2.9,Konsumprisindeks
KpiIndMnd,1923M04,2.9,Konsumprisindeks
KpiIndMnd,1923M05,2.9,Konsumprisindeks
KpiIndMnd,1923M06,2.9,Konsumprisindeks
KpiIndMnd,1923M07,2.9,Konsumprisindeks
KpiIndMnd,1923M08,3.0,Konsumprisindeks
KpiIndMnd,1923M09,2.9,Konsumprisindeks
KpiIndMnd,1923M10,2.9,Konsumprisindeks
KpiIndMnd,1923M11,3.0,Konsumprisindeks
KpiIndMnd,1923M12,3.0,Konsumprisindeks
KpiIndMnd,1924M01,3.0,Konsumprisindeks
KpiIndMnd,1924M02,3.1,Konsumprisindeks
KpiIndMnd,1924M03,3.1,Konsumprisindeks
KpiIndMnd,1924M04,3.1,Konsumprisindeks
KpiIndMnd,1924M05,3.1,Konsumprisindeks
KpiIndMnd,1924M06,3.2,Konsumprisindeks
KpiIndMnd,1924M07,3.2,Konsumprisindeks
KpiIndMnd,1924M08,3.3,Konsumprisindeks
KpiIndMnd,1924M09,3.3,Konsumprisindeks
KpiIndMnd,1924M10,3.3,Konsumprisindeks
KpiIndMnd,1924M11,3.4,Konsumprisindeks
KpiIndMnd,1924M12,3.4,Konsumprisindeks
KpiIndMnd,1925M01,3.4,Konsumprisindeks
KpiIndMnd,1925M02,3.5,Konsumprisindeks
KpiIndMnd,1925M03,3.5,Konsumprisindeks
KpiIndMnd,1925M04,3.4,Konsumprisindeks
KpiIndMnd,1925M05,3.4,Konsumprisindeks
KpiIndMnd,1925M06,3.3,Konsumprisindeks
KpiIndMnd,1925M07,3.3,Konsumprisindeks
KpiIndMnd,1925M08,3.3,Konsumprisindeks
KpiIndMnd,1925M09,3.2,Konsumprisindeks
KpiIndMnd,1925M10,3.1,Konsumprisindeks
KpiIndMnd,1925M11,3.0,Konsumprisindeks
KpiIndMnd,1925M12,3.0,Konsumprisindeks
KpiIndMnd,1926M01,2.9,Konsumprisindeks
KpiIndMnd,1926M02,2.9,Konsumprisindeks
KpiIndMnd,1926M03,2.9,Konsumprisindeks
KpiIndMnd,1926M04,2.8,Konsumprisindeks
KpiIndMnd,1926M05,2.8,Konsumprisindeks
KpiIndMnd,1926M06,2.8,Konsumprisindeks
KpiIndMnd,1926M07,2.8,Konsumprisindeks
KpiIndMnd,1926M08,2.8,Konsumprisindeks
KpiIndMnd,1926M09,2.7,Konsumprisindeks
KpiIndMnd,1926M10,2.7,Konsumprisindeks
KpiIndMnd,1926M11,2.7,Konsumprisindeks
KpiIndMnd,1926M12,2.7,Konsumprisindeks
KpiIndMnd,1927M01,2.6,Konsumprisindeks
KpiIndMnd,1927M02,2.6,Konsumprisindeks
KpiIndMnd,1927M03,2.5,Konsumprisindeks
KpiIndMnd,1927M04,2.5,Konsumprisindeks
KpiIndMnd,1927M05,2.5,Konsumprisindeks
KpiIndMnd,1927M06,2.5,Konsumprisindeks
KpiIndMnd,1927M07,2.5,Konsumprisindeks
KpiIndMnd,1927M08,2.5,Konsumprisindeks
KpiIndMnd,1927M09,2.5,Konsumprisindeks
KpiIndMnd,1927M10,2.5,Konsumprisindeks
KpiIndMnd,1927M11,2.4,Konsumprisindeks
KpiIndMnd,1927M12,2.4,Konsumprisindeks
KpiIndMnd,1928M01,2.4,Konsumprisindeks
KpiIndMnd,1928M02,2.4,Konsumprisindeks
KpiIndMnd,1928M03,2.3,Konsumprisindeks
KpiIndMnd,1928M04,2.3,Konsumprisindeks
KpiIndMnd,1928M05,2.3,Konsumprisindeks
KpiIndMnd,1928M06,2.3,Konsumprisindeks
KpiIndMnd,1928M07,2.4,Konsumprisindeks
KpiIndMnd,1928M08,2.3,Konsumprisindeks
KpiIndMnd,1928M09,2.3,Konsumprisindeks
KpiIndMnd,1928M10,2.3,Konsumprisindeks
KpiIndMnd,1928M11,2.3,Konsumprisindeks
KpiIndMnd,1928M12,2.3,Konsumprisindeks
KpiIndMnd,1929M01,2.2,Konsumprisindeks
KpiIndMnd,1929M02,2.2,Konsumprisindeks
KpiIndMnd,1929M03,2.2,Konsumprisindeks
KpiIndMnd,1929M04,2.2,Konsumprisindeks
KpiIndMnd,1929M05,2.2,Konsumprisindeks
KpiIndMnd,1929M06,2.2,Konsumprisindeks
KpiIndMnd,1929M07,2.2,Konsumprisindeks
KpiIndMnd,1929M08,2.2,Konsumprisindeks
KpiIndMnd,1929M09,2.2,Konsumprisindeks
KpiIndMnd,1929M10,2.2,Konsumprisindeks
KpiIndMnd,1929M11,2.2,Konsumprisindeks
KpiIndMnd,1929M12,2.2,Konsumprisindeks
KpiIndMnd,1930M01,2.2,Konsumprisindeks
KpiIndMnd,1930M02,2.2,Konsumprisindeks
KpiIndMnd,1930M03,2.2,Konsumprisindeks
KpiIndMnd,1930M04,2.2,Konsumprisindeks
KpiIndMnd,1930M05,2.2,Konsumprisindeks
KpiIndMnd,1930M06,2.2,Konsumprisindeks
KpiIndMnd,1930M07,2.2,Konsumprisindeks
KpiIndMnd,1930M08,2.2,Konsumprisindeks
KpiIndMnd,1930M09,2.2,Konsumprisindeks
KpiIndMnd,1930M10,2.1,Konsumprisindeks
KpiIndMnd,1930M11,2.1,Konsumprisindeks
KpiIndMnd,1930M12,2.1,Konsumprisindeks
KpiIndMnd,1931M01,2.1,Konsumprisindeks
KpiIndMnd,1931M02,2.1,Konsumprisindeks
KpiIndMnd,1931M03,2.1,Konsumprisindeks
KpiIndMnd,1931M04,2.1,Konsumprisindeks
KpiIndMnd,1931M05,2.0,Konsumprisindeks
KpiIndMnd,1931M06,2.0,Konsumprisindeks
KpiIndMnd,1931M07,2.0,Konsumprisindeks
KpiIndMnd,1931M08,2.0,Konsumprisindeks
KpiIndMnd,1931M09,2.0,Konsumprisindeks
KpiIndMnd,1931M10,2.0,Konsumprisindeks
KpiIndMnd,1931M11,2.0,Konsumprisindeks
KpiIndMnd,1931M12,2.0,Konsumprisindeks
KpiIndMnd,1932M01,2.0,Konsumprisindeks
KpiIndMnd,1932M02,2.0,Konsumprisindeks
KpiIndMnd,1932M03,2.0,Konsumprisindeks
KpiIndMnd,1932M04,2.0,Konsumprisindeks
KpiIndMnd,1932M05,2.0,Konsumprisindeks
KpiIndMnd,1932M06,2.0,Konsumprisindeks
KpiIndMnd,1932M07,2.0,Konsumprisindeks
KpiIndMnd,1932M08,2.0,Konsumprisindeks
KpiIndMnd,1932M09,2.0,Konsumprisindeks
KpiIndMnd,1932M10,2.0,Konsumprisindeks
KpiIndMnd,1932M11,2.0,Konsumprisindeks
KpiIndMnd,1932M12,2.0,Konsumprisindeks
KpiIndMnd,1933M01,2.0,Konsumprisindeks
KpiIndMnd,1933M02,2.0,Konsumprisindeks
KpiIndMnd,1933M03,2.0,Konsumprisindeks
KpiIndMnd,1933M04,2.0,Konsumprisindeks
KpiIndMnd,1933M05,2.0,Konsumprisindeks
KpiIndMnd,1933M06,2.0,Konsumprisindeks
KpiIndMnd,1933M07,2.0,Konsumprisindeks
KpiIndMnd,1933M08,2.0,Konsumprisindeks
KpiIndMnd,1933M09,2.0,Konsumprisindeks
KpiIndMnd,1933M10,2.0,Konsumprisindeks
KpiIndMnd,1933M11,2.0,Konsumprisindeks
KpiIndMnd,1933M12,2.0,Konsumprisindeks
KpiIndMnd,1934M01,2.0,Konsumprisindeks
KpiIndMnd,1934M02,2.0,Konsumprisindeks
KpiIndMnd,1934M03,2.0,Konsumprisindeks
KpiIndMnd,1934M04,2.0,Konsumprisindeks
KpiIndMnd,1934M05,2.0,Konsumprisindeks
KpiIndMnd,1934M06,2.0,Konsumprisindeks
KpiIndMnd,1934M07,2.0,Konsumprisindeks
KpiIndMnd,1934M08,2.0,Konsumprisindeks
KpiIndMnd,1934M09,2.0,Konsumprisindeks
KpiIndMnd,1934M10,2.0,Konsumprisindeks
KpiIndMnd,1934M11,2.0,Konsumprisindeks
KpiIndMnd,1934M12,2.0,Konsumprisindeks
KpiIndMnd,1935M01,2.0,Konsumprisindeks
KpiIndMnd,1935M02,2.0,Konsumprisindeks
KpiIndMnd,1935M03,2.0,Konsumprisindeks
KpiIndMnd,1935M04,2.0,Konsumprisindeks
KpiIndMnd,1935M05,2.0,Konsumprisindeks
KpiIndMnd,1935M06,2.0,Konsumprisindeks
KpiIndMnd,1935M07,2.0,Konsumprisindeks
KpiIndMnd,1935M08,2.0,Konsumprisindeks
KpiIndMnd,1935M09,2.0,Konsumprisindeks
KpiIndMnd,1935M10,2.0,Konsumprisindeks
KpiIndMnd,1935M11,2.1,Konsumprisindeks
KpiIndMnd,1935M12,2.1,Konsumprisindeks
KpiIndMnd,1936M01,2.1,Konsumprisindeks
KpiIndMnd,1936M02,2.1,Konsumprisindeks
KpiIndMnd,1936M03,2.1,Konsumprisindeks
KpiIndMnd,1936M04,2.1,Konsumprisindeks
KpiIndMnd,1936M05,2.1,Konsumprisindeks
KpiIndMnd,1936M06,2.1,Konsumprisindeks
KpiIndMnd,1936M07,2.1,Konsumprisindeks
KpiIndMnd,1936M08,2.1,Konsumprisindeks
KpiIndMnd,1936M09,2.1,Konsumprisindeks
KpiIndMnd,1936M10,2.1,Konsumprisindeks
KpiIndMnd,1936M11,2.1,Konsumprisindeks
KpiIndMnd,1936M12,2.1,Konsumprisindeks
KpiIndMnd,1937M01,2.1,Konsumprisindeks
KpiIndMnd,1937M02,2.1,Konsumprisindeks
KpiIndMnd,1937M03,2.2,Konsumprisindeks
KpiIndMnd,1937M04,2.2,Konsumprisindeks
KpiIndMnd,1937M05,2.2,Konsumprisindeks
KpiIndMnd,1937M06,2.2,Konsumprisindeks
KpiIndMnd,1937M07,2.3,Konsumprisindeks
KpiIndMnd,1937M08,2.3,Konsumprisindeks
KpiIndMnd,1937M09,2.3,Konsumprisindeks
KpiIndMnd,1937M10,2.3,Konsumprisindeks
KpiIndMnd,1937M11,2.3,Konsumprisindeks
KpiIndMnd,1937M12,2.3,Konsumprisindeks
KpiIndMnd,1938M01,2.3,Konsumprisindeks
KpiIndMnd,1938M02,2.3,Konsumprisindeks
KpiIndMnd,1938M03,2.3,Konsumprisindeks
KpiIndMnd,1938M04,2.3,Konsumprisindeks
KpiIndMnd,1938M05,2.3,Konsumprisindeks
KpiIndMnd,1938M06,2.3,Konsumprisindeks
KpiIndMnd,1938M07,2.3,Konsumprisindeks
KpiIndMnd,1938M08,2.3,Konsumprisindeks
KpiIndMnd,1938M09,2.3,Konsumprisindeks
KpiIndMnd,1938M10,2.3,Konsumprisindeks
KpiIndMnd,1938M11,2.3,Konsumprisindeks
KpiIndMnd,1938M12,2.3,Konsumprisindeks
KpiIndMnd,1939M01,2.3,Konsumprisindeks
KpiIndMnd,1939M02,2.3,Konsumprisindeks
KpiIndMnd,1939M03,2.3,Konsumprisindeks
KpiIndMnd,1939M04,2.3,Konsumprisindeks
KpiIndMnd,1939M05,2.3,Konsumprisindeks
KpiIndMnd,1939M06,2.3,Konsumprisindeks
KpiIndMnd,1939M07,2.3,Konsumprisindeks
KpiIndMnd,1939M08,2.3,Konsumprisindeks
KpiIndMnd,1939M09,2.3,Konsumprisindeks
KpiIndMnd,1939M10,2.4,Konsumprisindeks
KpiIndMnd,1939M11,2.4,Konsumprisindeks
KpiIndMnd,1939M12,2.4,Konsumprisindeks
KpiIndMnd,1940M01,2.4,Konsumprisindeks
KpiIndMnd,1940M02,2.5,Konsumprisindeks
KpiIndMnd,1940M03,2.6,Konsumprisindeks
KpiIndMnd,1940M04,2.7,Konsumprisindeks
KpiIndMnd,1940M05,2.7,Konsumprisindeks
KpiIndMnd,1940M06,2.7,Konsumprisindeks
KpiIndMnd,1940M07,2.7,Konsumprisindeks
KpiIndMnd,1940M08,2.7,Konsumprisindeks
KpiIndMnd,1940M09,2.9,Konsumprisindeks
KpiIndMnd,1940M10,2.9,Konsumprisindeks
KpiIndMnd,1940M11,2.9,Konsumprisindeks
KpiIndMnd,1940M12,3.0,Konsumprisindeks
KpiIndMnd,1941M01,3.1,Konsumprisindeks
KpiIndMnd,1941M02,3.1,Konsumprisindeks
KpiIndMnd,1941M03,3.1,Konsumprisindeks
KpiIndMnd,1941M04,3.1,Konsumprisindeks
KpiIndMnd,1941M05,3.2,Konsumprisindeks
KpiIndMnd,1941M06,3.2,Konsumprisindeks
KpiIndMnd,1941M07,3.2,Konsumprisindeks
KpiIndMnd,1941M08,3.3,Konsumprisindeks
KpiIndMnd,1941M09,3.3,Konsumprisindeks
KpiIndMnd,1941M10,3.3,Konsumprisindeks
KpiIndMnd,1941M11,3.3,Konsumprisindeks
KpiIndMnd,1941M12,3.3,Konsumprisindeks
KpiIndMnd,1942M01,3.3,Konsumprisindeks
KpiIndMnd,1942M02,3.3,Konsumprisindeks
KpiIndMnd,1942M03,3.4,Konsumprisindeks
KpiIndMnd,1942M04,3.4,Konsumprisindeks
KpiIndMnd,1942M05,3.4,Konsumprisindeks
KpiIndMnd,1942M06,3.4,Konsumprisindeks
KpiIndMnd,1942M07,3.4,Konsumprisindeks
KpiIndMnd,1942M08,3.4,Konsumprisindeks
KpiIndMnd,1942M09,3.4,Konsumprisindeks
KpiIndMnd,1942M10,3.4,Konsumprisindeks
KpiIndMnd,1942M11,3.4,Konsumprisindeks
KpiIndMnd,1942M12,3.4,Konsumprisindeks
KpiIndMnd,1943M01,3.4,Konsumprisindeks
KpiIndMnd,1943M02,3.5,Konsumprisindeks
KpiIndMnd,1943M03,3.5,Konsumprisindeks
KpiIndMnd,1943M04,3.5,Konsumprisindeks
KpiIndMnd,1943M05,3.5,Konsumprisindeks
KpiIndMnd,1943M06,3.5,Konsumprisindeks
KpiIndMnd,1943M07,3.5,Konsumprisindeks
KpiIndMnd,1943M08,3.5,Konsumprisindeks
KpiIndMnd,1943M09,3.5,Konsumprisindeks
KpiIndMnd,1943M10,3.5,Konsumprisindeks
KpiIndMnd,1943M11,3.5,Konsumprisindeks
KpiIndMnd,1943M12,3.5,Konsumprisindeks
KpiIndMnd,1944M01,3.5,Konsumprisindeks
KpiIndMnd,1944M02,3.5,Konsumprisindeks
KpiIndMnd,1944M03,3.5,Konsumprisindeks
KpiIndMnd,1944M04,3.5,Konsumprisindeks
KpiIndMnd,1944M05,3.5,Konsumprisindeks
KpiIndMnd,1944M06,3.5,Konsumprisindeks
KpiIndMnd,1944M07,3.5,Konsumprisindeks
KpiIndMnd,1944M08,3.5,Konsumprisindeks
KpiIndMnd,1944M09,3.5,Konsumprisindeks
KpiIndMnd,1944M10,3.5,Konsumprisindeks
KpiIndMnd,1944M11,3.5,Konsumprisindeks
KpiIndMnd,1944M12,3.5,Konsumprisindeks
KpiIndMnd,1945M01,3.5,Konsumprisindeks
KpiIndMnd,1945M02,3.5,Konsumprisindeks
KpiIndMnd,1945M03,3.5,Konsumprisindeks
KpiIndMnd,1945M04,3.6,Konsumprisindeks
KpiIndMnd,1945M05,3.6,Konsumprisindeks
KpiIndMnd,1945M06,3.6,Konsumprisindeks
KpiIndMnd,1945M07,3.6,Konsumprisindeks
KpiIndMnd,1945M08,3.6,Konsumprisindeks
KpiIndMnd,1945M09,3.6,Konsumprisindeks
KpiIndMnd,1945M10,3.6,Konsumprisindeks
KpiIndMnd,1945M11,3.6,Konsumprisindeks
KpiIndMnd,1945M12,3.6,Konsumprisindeks
KpiIndMnd,1946M01,3.6,Konsumprisindeks
KpiIndMnd,1946M02,3.6,Konsumprisindeks
KpiIndMnd,1946M03,3.6,Konsumprisindeks
KpiIndMnd,1946M04,3.6,Konsumprisindeks
KpiIndMnd,1946M05,3.6,Konsumprisindeks
KpiIndMnd,1946M06,3.6,Konsumprisindeks
KpiIndMnd,1946M07,3.7,Konsumprisindeks
KpiIndMnd,1946M08,3.7,Konsumprisindeks
KpiIndMnd,1946M09,3.7,Konsumprisindeks
KpiIndMnd,1946M10,3.7,Konsumprisindeks
KpiIndMnd,1946M11,3.7,Konsumprisindeks
KpiIndMnd,1946M12,3.7,Konsumprisindeks
KpiIndMnd,1947M01,3.7,Konsumprisindeks
KpiIndMnd,1947M02,3.7,Konsumprisindeks
KpiIndMnd,1947M03,3.7,Konsumprisindeks
KpiIndMnd,1947M04,3.7,Konsumprisindeks
KpiIndMnd,1947M05,3.7,Konsumprisindeks
KpiIndMnd,1947M06,3.7,Konsumprisindeks
KpiIndMnd,1947M07,3.7,Konsumprisindeks
KpiIndMnd,1947M08,3.7,Konsumprisindeks
KpiIndMnd,1947M09,3.6,Konsumprisindeks
KpiIndMnd,1947M10,3.6,Konsumprisindeks
KpiIndMnd,1947M11,3.6,Konsumprisindeks
KpiIndMnd,1947M12,3.6,Konsumprisindeks
KpiIndMnd,1948M01,3.6,Konsumprisindeks
KpiIndMnd,1948M02,3.7,Konsumprisindeks
KpiIndMnd,1948M03,3.7,Konsumprisindeks
KpiIndMnd,1948M04,3.7,Konsumprisindeks
KpiIndMnd,1948M05,3.7,Konsumprisindeks
KpiIndMnd,1948M06,3.7,Konsumprisindeks
KpiIndMnd,1948M07,3.7,Konsumprisindeks
KpiIndMnd,1948M08,3.6,Konsumprisindeks
KpiIndMnd,1948M09,3.6,Konsumprisindeks
KpiIndMnd,1948M10,3.6,Konsumprisindeks
KpiIndMnd,1948M11,3.6,Konsumprisindeks
KpiIndMnd,1948M12,3.6,Konsumprisindeks
KpiIndMnd,1949M01,3.6,Konsumprisindeks
KpiIndMnd,1949M02,3.6,Konsumprisindeks
KpiIndMnd,1949M03,3.6,Konsumprisindeks
KpiIndMnd,1949M04,3.6,Konsumprisindeks
KpiIndMnd,1949M05,3.7,Konsumprisindeks
KpiIndMnd,1949M06,3.7,Konsumprisindeks
KpiIndMnd,1949M07,3.7,Konsumprisindeks
KpiIndMnd,1949M08,3.7,Konsumprisindeks
KpiIndMnd,1949M09,3.7,Konsumprisindeks
KpiIndMnd,1949M10,3.7,Konsumprisindeks
KpiIndMnd,1949M11,3.7,Konsumprisindeks
KpiIndMnd,1949M12,3.7,Konsumprisindeks
KpiIndMnd,1950M01,3.7,Konsumprisindeks
KpiIndMnd,1950M02,3.7,Konsumprisindeks
KpiIndMnd,1950M03,3.7,Konsumprisindeks
KpiIndMnd,1950M04,3.8,Konsumprisindeks
KpiIndMnd,1950M05,3.8,Konsumprisindeks
KpiIndMnd,1950M06,3.8,Konsumprisindeks
KpiIndMnd,1950M07,3.8,Konsumprisindeks
KpiIndMnd,1950M08,3.8,Konsumprisindeks
KpiIndMnd,1950M09,3.9,Konsumprisindeks
KpiIndMnd,1950M10,4.0,Konsumprisindeks
KpiIndMnd,1950M11,4.1,Konsumprisindeks
KpiIndMnd,1950M12,4.1,Konsumprisindeks
KpiIndMnd,1951M01,4.2,Konsumprisindeks
KpiIndMnd,1951M02,4.2,Konsumprisindeks
KpiIndMnd,1951M03,4.2,Konsumprisindeks
KpiIndMnd,1951M04,4.4,Konsumprisindeks
KpiIndMnd,1951M05,4.5,Konsumprisindeks
KpiIndMnd,1951M06,4.6,Konsumprisindeks
KpiIndMnd,1951M07,4.6,Konsumprisindeks
KpiIndMnd,1951M08,4.6,Konsumprisindeks
KpiIndMnd,1951M09,4.6,Konsumprisindeks
KpiIndMnd,1951M10,4.6,Konsumprisindeks
KpiIndMnd,1951M11,4.6,Konsumprisindeks
KpiIndMnd,1951M12,4.7,Konsumprisindeks
KpiIndMnd,1952M01,4.7,Konsumprisindeks
KpiIndMnd,1952M02,4.8,Konsumprisindeks
KpiIndMnd,1952M03,4.8,Konsumprisindeks
KpiIndMnd,1952M04,4.8,Konsumprisindeks
KpiIndMnd,1952M05,4.8,Konsumprisindeks
KpiIndMnd,1952M06,4.8,Konsumprisindeks
KpiIndMnd,1952M07,4.9,Konsumprisindeks
KpiIndMnd,1952M08,4.9,Konsumprisindeks
KpiIndMnd,1952M09,5.0,Konsumprisindeks
KpiIndMnd,1952M10,5.0,Konsumprisindeks
KpiIndMnd,1952M11,5.0,Konsumprisindeks
KpiIndMnd,1952M12,4.9,Konsumprisindeks
KpiIndMnd,1953M01,4.9,Konsumprisindeks
KpiIndMnd,1953M02,4.9,Konsumprisindeks
KpiIndMnd,1953M03,4.9,Konsumprisindeks
KpiIndMnd,1953M04,4.9,Konsumprisindeks
KpiIndMnd,1953M05,4.9,Konsumprisindeks
KpiIndMnd,1953M06,5.0,Konsumprisindeks
KpiIndMnd,1953M07,5.0,Konsumprisindeks
KpiIndMnd,1953M08,5.0,Konsumprisindeks
KpiIndMnd,1953M09,5.0,Konsumprisindeks
KpiIndMnd,1953M10,5.0,Konsumprisindeks
KpiIndMnd,1953M11,5.0,Konsumprisindeks
KpiIndMnd,1953M12,5.0,Konsumprisindeks
KpiIndMnd,1954M01,5.0,Konsumprisindeks
KpiIndMnd,1954M02,5.0,Konsumprisindeks
KpiIndMnd,1954M03,5.1,Konsumprisindeks
KpiIndMnd,1954M04,5.1,Konsumprisindeks
KpiIndMnd,1954M05,5.1,Konsumprisindeks
KpiIndMnd,1954M06,5.1,Konsumprisindeks
KpiIndMnd,1954M07,5.3,Konsumprisindeks
KpiIndMnd,1954M08,5.3,Konsumprisindeks
KpiIndMnd,1954M09,5.3,Konsumprisindeks
KpiIndMnd,1954M10,5.2,Konsumprisindeks
KpiIndMnd,1954M11,5.2,Konsumprisindeks
KpiIndMnd,1954M12,5.2,Konsumprisindeks
KpiIndMnd,1955M01,5.2,Konsumprisindeks
KpiIndMnd,1955M02,5.2,Konsumprisindeks
KpiIndMnd,1955M03,5.2,Konsumprisindeks
KpiIndMnd,1955M04,5.2,Konsumprisindeks
KpiIndMnd,1955M05,5.2,Konsumprisindeks
KpiIndMnd,1955M06,5.2,Konsumprisindeks
KpiIndMnd,1955M07,5.2,Konsumprisindeks
KpiIndMnd,1955M08,5.2,Konsumprisindeks
KpiIndMnd,1955M09,5.2,Konsumprisindeks
KpiIndMnd,1955M10,5.2,Konsumprisindeks
KpiIndMnd,1955M11,5.2,Konsumprisindeks
KpiIndMnd,1955M12,5.2,Konsumprisindeks
KpiIndMnd,1956M01,5.2,Konsumprisindeks
KpiIndMnd,1956M02,5.3,Konsumprisindeks
KpiIndMnd,1956M03,5.3,Konsumprisindeks
KpiIndMnd,1956M04,5.4,Konsumprisindeks
KpiIndMnd,1956M05,5.5,Konsumprisindeks
KpiIndMnd,1956M06,5.5,Konsumprisindeks
KpiIndMnd,1956M07,5.6,Konsumprisindeks
KpiIndMnd,1956M08,5.5,Konsumprisindeks
KpiIndMnd,1956M09,5.5,Konsumprisindeks
KpiIndMnd,1956M10,5.5,Konsumprisindeks
KpiIndMnd,1956M11,5.5,Konsumprisindeks
KpiIndMnd,1956M12,5.5,Konsumprisindeks
KpiIndMnd,1957M01,5.5,Konsumprisindeks
KpiIndMnd,1957M02,5.5,Konsumprisindeks
KpiIndMnd,1957M03,5.6,Konsumprisindeks
KpiIndMnd,1957M04,5.6,Konsumprisindeks
KpiIndMnd,1957M05,5.6,Konsumprisindeks
KpiIndMnd,1957M06,5.6,Konsumprisindeks
KpiIndMnd,1957M07,5.6,Konsumprisindeks
KpiIndMnd,1957M08,5.6,Konsumprisindeks
KpiIndMnd,1957M09,5.6,Konsumprisindeks
KpiIndMnd,1957M10,5.6,Konsumprisindeks
KpiIndMnd,1957M11,5.6,Konsumprisindeks
KpiIndMnd,1957M12,5.6,Konsumprisindeks
KpiIndMnd,1958M01,5.7,Konsumprisindeks
KpiIndMnd,1958M02,5.7,Konsumprisindeks
KpiIndMnd,1958M03,5.7,Konsumprisindeks
KpiIndMnd,1958M04,5.8,Konsumprisindeks
KpiIndMnd,1958M05,5.9,Konsumprisindeks
KpiIndMnd,1958M06,5.9,Konsumprisindeks
KpiIndMnd,1958M07,5.9,Konsumprisindeks
KpiIndMnd,1958M08,6.0,Konsumprisindeks
KpiIndMnd,1958M09,6.0,Konsumprisindeks
KpiIndMnd,1958M10,6.0,Konsumprisindeks
KpiIndMnd,1958M11,6.0,Konsumprisindeks
KpiIndMnd,1958M12,6.0,Konsumprisindeks
KpiIndMnd,1959M01,6.0,Konsumprisindeks
KpiIndMnd,1959M02,6.0,Konsumprisindeks
KpiIndMnd,1959M03,5.9,Konsumprisindeks
KpiIndMnd,1959M04,6.0,Konsumprisindeks
KpiIndMnd,1959M05,6.0,Konsumprisindeks
KpiIndMnd,1959M06,6.0,Konsumprisindeks
KpiIndMnd,1959M07,6.0,Konsumprisindeks
KpiIndMnd,1959M08,6.0,Konsumprisindeks
KpiIndMnd,1959M09,6.0,Konsumprisindeks
KpiIndMnd,1959M10,6.0,Konsumprisindeks
KpiIndMnd,1959M11,6.0,Konsumprisindeks
KpiIndMnd,1959M12,6.0,Konsumprisindeks
KpiIndMnd,1960M01,6.0,Konsumprisindeks
KpiIndMnd,1960M02,6.0,Konsumprisindeks
KpiIndMnd,1960M03,6.0,Konsumprisindeks
KpiIndMnd,1960M04,6.0,Konsumprisindeks
KpiIndMnd,1960M05,6.0,Konsumprisindeks
KpiIndMnd,1960M06,6.0,Konsumprisindeks
KpiIndMnd,1960M07,6.0,Konsumprisindeks
KpiIndMnd,1960M08,6.0,Konsumprisindeks
KpiIndMnd,1960M09,6.0,Konsumprisindeks
KpiIndMnd,1960M10,6.0,Konsumprisindeks
KpiIndMnd,1960M11,6.0,Konsumprisindeks
KpiIndMnd,1960M12,6.0,Konsumprisindeks
KpiIndMnd,1961M01,6.0,Konsumprisindeks
KpiIndMnd,1961M02,6.0,Konsumprisindeks
KpiIndMnd,1961M03,6.1,Konsumprisindeks
KpiIndMnd,1961M04,6.1,Konsumprisindeks
KpiIndMnd,1961M05,6.1,Konsumprisindeks
KpiIndMnd,1961M06,6.1,Konsumprisindeks
KpiIndMnd,1961M07,6.1,Konsumprisindeks
KpiIndMnd,1961M08,6.2,Konsumprisindeks
KpiIndMnd,1961M09,6.2,Konsumprisindeks
KpiIndMnd,1961M10,6.3,Konsumprisindeks
KpiIndMnd,1961M11,6.3,Konsumprisindeks
KpiIndMnd,1961M12,6.3,Konsumprisindeks
KpiIndMnd,1962M01,6.3,Konsumprisindeks
KpiIndMnd,1962M02,6.3,Konsumprisindeks
KpiIndMnd,1962M03,6.4,Konsumprisindeks
KpiIndMnd,1962M04,6.4,Konsumprisindeks
KpiIndMnd,1962M05,6.4,Konsumprisindeks
KpiIndMnd,1962M06,6.4,Konsumprisindeks
KpiIndMnd,1962M07,6.5,Konsumprisindeks
KpiIndMnd,1962M08,6.5,Konsumprisindeks
KpiIndMnd,1962M09,6.6,Konsumprisindeks
KpiIndMnd,1962M10,6.5,Konsumprisindeks
KpiIndMnd,1962M11,6.5,Konsumprisindeks
KpiIndMnd,1962M12,6.6,Konsumprisindeks
KpiIndMnd,1963M01,6.6,Konsumprisindeks
KpiIndMnd,1963M02,6.6,Konsumprisindeks
KpiIndMnd,1963M03,6.7,Konsumprisindeks
KpiIndMnd,1963M04,6.7,Konsumprisindeks
KpiIndMnd,1963M05,6.6,Konsumprisindeks
KpiIndMnd,1963M06,6.6,Konsumprisindeks
KpiIndMnd,1963M07,6.7,Konsumprisindeks
KpiIndMnd,1963M08,6.6,Konsumprisindeks
KpiIndMnd,1963M09,6.6,Konsumprisindeks
KpiIndMnd,1963M10,6.6,Konsumprisindeks
KpiIndMnd,1963M11,6.6,Konsumprisindeks
KpiIndMnd,1963M12,6.7,Konsumprisindeks
KpiIndMnd,1964M01,6.9,Konsumprisindeks
KpiIndMnd,1964M02,6.9,Konsumprisindeks
KpiIndMnd,1964M03,6.9,Konsumprisindeks
KpiIndMnd,1964M04,7.0,Konsumprisindeks
KpiIndMnd,1964M05,7.0,Konsumprisindeks
KpiIndMnd,1964M06,7.0,Konsumprisindeks
KpiIndMnd,1964M07,7.1,Konsumprisindeks
KpiIndMnd,1964M08,7.1,Konsumprisindeks
KpiIndMnd,1964M09,7.2,Konsumprisindeks
KpiIndMnd,1964M10,7.1,Konsumprisindeks
KpiIndMnd,1964M11,7.2,Konsumprisindeks
KpiIndMnd,1964M12,7.2,Konsumprisindeks
KpiIndMnd,1965M01,7.2,Konsumprisindeks
KpiIndMnd,1965M02,7.2,Konsumprisindeks
KpiIndMnd,1965M03,7.3,Konsumprisindeks
KpiIndMnd,1965M04,7.3,Konsumprisindeks
KpiIndMnd,1965M05,7.3,Konsumprisindeks
KpiIndMnd,1965M06,7.3,Konsumprisindeks
KpiIndMnd,1965M07,7.4,Konsumprisindeks
KpiIndMnd,1965M08,7.3,Konsumprisindeks
KpiIndMnd,1965M09,7.4,Konsumprisindeks
KpiIndMnd,1965M10,7.3,Konsumprisindeks
KpiIndMnd,1965M11,7.4,Konsumprisindeks
KpiIndMnd,1965M12,7.4,Konsumprisindeks
KpiIndMnd,1966M01,7.4,Konsumprisindeks
KpiIndMnd,1966M02,7.4,Konsumprisindeks
KpiIndMnd,1966M03,7.5,Konsumprisindeks
KpiIndMnd,1966M04,7.5,Konsumprisindeks
KpiIndMnd,1966M05,7.5,Konsumprisindeks
KpiIndMnd,1966M06,7.5,Konsumprisindeks
KpiIndMnd,1966M07,7.6,Konsumprisindeks
KpiIndMnd,1966M08,7.6,Konsumprisindeks
KpiIndMnd,1966M09,7.6,Konsumprisindeks
KpiIndMnd,1966M10,7.7,Konsumprisindeks
KpiIndMnd,1966M11,7.7,Konsumprisindeks
KpiIndMnd,1966M12,7.7,Konsumprisindeks
KpiIndMnd,1967M01,7.7,Konsumprisindeks
KpiIndMnd,1967M02,7.7,Konsumprisindeks
KpiIndMnd,1967M03,7.8,Konsumprisindeks
KpiIndMnd,1967M04,7.8,Konsumprisindeks
KpiIndMnd,1967M05,7.8,Konsumprisindeks
KpiIndMnd,1967M06,7.9,Konsumprisindeks
KpiIndMnd,1967M07,8.0,Konsumprisindeks
KpiIndMnd,1967M08,8.0,Konsumprisindeks
KpiIndMnd,1967M09,8.0,Konsumprisindeks
KpiIndMnd,1967M10,8.0,Konsumprisindeks
KpiIndMnd,1967M11,8.0,Konsumprisindeks
KpiIndMnd,1967M12,8.0,Konsumprisindeks
KpiIndMnd,1968M01,8.1,Konsumprisindeks
KpiIndMnd,1968M02,8.1,Konsumprisindeks
KpiIndMnd,1968M03,8.1,Konsumprisindeks
KpiIndMnd,1968M04,8.1,Konsumprisindeks
KpiIndMnd,1968M05,8.1,Konsumprisindeks
KpiIndMnd,1968M06,8.1,Konsumprisindeks
KpiIndMnd,1968M07,8.2,Konsumprisindeks
KpiIndMnd,1968M08,8.2,Konsumprisindeks
KpiIndMnd,1968M09,8.2,Konsumprisindeks
KpiIndMnd,1968M10,8.3,Konsumprisindeks
KpiIndMnd,1968M11,8.3,Konsumprisindeks
KpiIndMnd,1968M12,8.3,Konsumprisindeks
KpiIndMnd,1969M01,8.3,Konsumprisindeks
KpiIndMnd,1969M02,8.3,Konsumprisindeks
KpiIndMnd,1969M03,8.3,Konsumprisindeks
KpiIndMnd,1969M04,8.4,Konsumprisindeks
KpiIndMnd,1969M05,8.4,Konsumprisindeks
KpiIndMnd,1969M06,8.4,Konsumprisindeks
KpiIndMnd,1969M07,8.5,Konsumprisindeks
KpiIndMnd,1969M08,8.4,Konsumprisindeks
KpiIndMnd,1969M09,8.5,Konsumprisindeks
KpiIndMnd,1969M10,8.5,Konsumprisindeks
KpiIndMnd,1969M11,8.5,Konsumprisindeks
KpiIndMnd,1969M12,8.5,Konsumprisindeks
KpiIndMnd,1970M01,9.0,Konsumprisindeks
KpiIndMnd,1970M02,9.1,Konsumprisindeks
KpiIndMnd,1970M03,9.1,Konsumprisindeks
KpiIndMnd,1970M04,9.2,Konsumprisindeks
KpiIndMnd,1970M05,9.2,Konsumprisindeks
KpiIndMnd,1970M06,9.2,Konsumprisindeks
KpiIndMnd,1970M07,9.4,Konsumprisindeks
KpiIndMnd,1970M08,9.4,Konsumprisindeks
KpiIndMnd,1970M09,9.5,Konsumprisindeks
KpiIndMnd,1970M10,9.5,Konsumprisindeks
KpiIndMnd,1970M11,9.6,Konsumprisindeks
KpiIndMnd,1970M12,9.7,Konsumprisindeks
KpiIndMnd,1971M01,9.7,Konsumprisindeks
KpiIndMnd,1971M02,9.7,Konsumprisindeks
KpiIndMnd,1971M03,9.8,Konsumprisindeks
KpiIndMnd,1971M04,9.8,Konsumprisindeks
KpiIndMnd,1971M05,9.8,Konsumprisindeks
KpiIndMnd,1971M06,9.9,Konsumprisindeks
KpiIndMnd,1971M07,9.9,Konsumprisindeks
KpiIndMnd,1971M08,9.9,Konsumprisindeks
KpiIndMnd,1971M09,10.0,Konsumprisindeks
KpiIndMnd,1971M10,10.1,Konsumprisindeks
KpiIndMnd,1971M11,10.1,Konsumprisindeks
KpiIndMnd,1971M12,10.2,Konsumprisindeks
KpiIndMnd,1972M01,10.3,Konsumprisindeks
KpiIndMnd,1972M02,10.3,Konsumprisindeks
KpiIndMnd,1972M03,10.4,Konsumprisindeks
KpiIndMnd,1972M04,10.5,Konsumprisindeks
KpiIndMnd,1972M05,10.5,Konsumprisindeks
KpiIndMnd,1972M06,10.6,Konsumprisindeks
KpiIndMnd,1972M07,10.7,Konsumprisindeks
KpiIndMnd,1972M08,10.7,Konsumprisindeks
KpiIndMnd,1972M09,10.8,Konsumprisindeks
KpiIndMnd,1972M10,10.8,Konsumprisindeks
KpiIndMnd,1972M11,10.9,Konsumprisindeks
KpiIndMnd,1972M12,10.9,Konsumprisindeks
KpiIndMnd,1973M01,11.0,Konsumprisindeks
KpiIndMnd,1973M02,11.1,Konsumprisindeks
KpiIndMnd,1973M03,11.2,Konsumprisindeks
KpiIndMnd,1973M04,11.3,Konsumprisindeks
KpiIndMnd,1973M05,11.3,Konsumprisindeks
KpiIndMnd,1973M06,11.4,Konsumprisindeks
KpiIndMnd,1973M07,11.5,Konsumprisindeks
KpiIndMnd,1973M08,11.4,Konsumprisindeks
KpiIndMnd,1973M09,11.5,Konsumprisindeks
KpiIndMnd,1973M10,11.6,Konsumprisindeks
KpiIndMnd,1973M11,11.7,Konsumprisindeks
KpiIndMnd,1973M12,11.8,Konsumprisindeks
KpiIndMnd,1974M01,12.0,Konsumprisindeks
KpiIndMnd,1974M02,12.1,Konsumprisindeks
KpiIndMnd,1974M03,12.2,Konsumprisindeks
KpiIndMnd,1974M04,12.3,Konsumprisindeks
KpiIndMnd,1974M05,12.3,Konsumprisindeks
KpiIndMnd,1974M06,12.4,Konsumprisindeks
KpiIndMnd,1974M07,12.5,Konsumprisindeks
KpiIndMnd,1974M08,12.6,Konsumprisindeks
KpiIndMnd,1974M09,12.7,Konsumprisindeks
KpiIndMnd,1974M10,12.8,Konsumprisindeks
KpiIndMnd,1974M11,12.9,Konsumprisindeks
KpiIndMnd,1974M12,13.0,Konsumprisindeks
KpiIndMnd,1975M01,13.4,Konsumprisindeks
KpiIndMnd,1975M02,13.4,Konsumprisindeks
KpiIndMnd,1975M03,13.6,Konsumprisindeks
KpiIndMnd,1975M04,13.6,Konsumprisindeks
KpiIndMnd,1975M05,13.7,Konsumprisindeks
KpiIndMnd,1975M06,13.9,Konsumprisindeks
KpiIndMnd,1975M07,14.1,Konsumprisindeks
KpiIndMnd,1975M08,14.1,Konsumprisindeks
KpiIndMnd,1975M09,14.3,Konsumprisindeks
KpiIndMnd,1975M10,14.3,Konsumprisindeks
KpiIndMnd,1975M11,14.4,Konsumprisindeks
KpiIndMnd,1975M12,14.4,Konsumprisindeks
KpiIndMnd,1976M01,14.6,Konsumprisindeks
KpiIndMnd,1976M02,14.7,Konsumprisindeks
KpiIndMnd,1976M03,14.9,Konsumprisindeks
KpiIndMnd,1976M04,15.0,Konsumprisindeks
KpiIndMnd,1976M05,15.1,Konsumprisindeks
KpiIndMnd,1976M06,15.3,Konsumprisindeks
KpiIndMnd,1976M07,15.4,Konsumprisindeks
KpiIndMnd,1976M08,15.4,Konsumprisindeks
KpiIndMnd,1976M09,15.5,Konsumprisindeks
KpiIndMnd,1976M10,15.5,Konsumprisindeks
KpiIndMnd,1976M11,15.5,Konsumprisindeks
KpiIndMnd,1976M12,15.6,Konsumprisindeks
KpiIndMnd,1977M01,15.9,Konsumprisindeks
KpiIndMnd,1977M02,16.0,Konsumprisindeks
KpiIndMnd,1977M03,16.2,Konsumprisindeks
KpiIndMnd,1977M04,16.4,Konsumprisindeks
KpiIndMnd,1977M05,16.5,Konsumprisindeks
KpiIndMnd,1977M06,16.6,Konsumprisindeks
KpiIndMnd,1977M07,16.8,Konsumprisindeks
KpiIndMnd,1977M08,16.8,Konsumprisindeks
KpiIndMnd,1977M09,16.9,Konsumprisindeks
KpiIndMnd,1977M10,17.0,Konsumprisindeks
KpiIndMnd,1977M11,17.0,Konsumprisindeks
KpiIndMnd,1977M12,17.0,Konsumprisindeks
KpiIndMnd,1978M01,17.4,Konsumprisindeks
KpiIndMnd,1978M02,17.5,Konsumprisindeks
KpiIndMnd,1978M03,17.6,Konsumprisindeks
KpiIndMnd,1978M04,17.7,Konsumprisindeks
KpiIndMnd,1978M05,17.7,Konsumprisindeks
KpiIndMnd,1978M06,17.8,Konsumprisindeks
KpiIndMnd,1978M07,18.1,Konsumprisindeks
KpiIndMnd,1978M08,18.1,Konsumprisindeks
KpiIndMnd,1978M09,18.3,Konsumprisindeks
KpiIndMnd,1978M10,18.3,Konsumprisindeks
KpiIndMnd,1978M11,18.4,Konsumprisindeks
KpiIndMnd,1978M12,18.4,Konsumprisindeks
KpiIndMnd,1979M01,18.4,Konsumprisindeks
KpiIndMnd,1979M02,18.4,Konsumprisindeks
KpiIndMnd,1979M03,18.5,Konsumprisindeks
KpiIndMnd,1979M04,18.6,Konsumprisindeks
KpiIndMnd,1979M05,18.7,Konsumprisindeks
KpiIndMnd,1979M06,18.8,Konsumprisindeks
KpiIndMnd,1979M07,18.9,Konsumprisindeks
KpiIndMnd,1979M08,18.9,Konsumprisindeks
KpiIndMnd,1979M09,19.0,Konsumprisindeks
KpiIndMnd,1979M10,19.1,Konsumprisindeks
KpiIndMnd,1979M11,19.2,Konsumprisindeks
KpiIndMnd,1979M12,19.3,Konsumprisindeks
KpiIndMnd,1980M01,19.6,Konsumprisindeks
KpiIndMnd,1980M02,19.9,Konsumprisindeks
KpiIndMnd,1980M03,20.2,Konsumprisindeks
KpiIndMnd,1980M04,20.3,Konsumprisindeks
KpiIndMnd,1980M05,20.5,Konsumprisindeks
KpiIndMnd,1980M06,20.8,Konsumprisindeks
KpiIndMnd,1980M07,21.0,Konsumprisindeks
KpiIndMnd,1980M08,21.2,Konsumprisindeks
KpiIndMnd,1980M09,21.4,Konsumprisindeks
KpiIndMnd,1980M10,21.6,Konsumprisindeks
KpiIndMnd,1980M11,21.7,Konsumprisindeks
KpiIndMnd,1980M12,21.9,Konsumprisindeks
KpiIndMnd,1981M01,22.5,Konsumprisindeks
KpiIndMnd,1981M02,22.7,Konsumprisindeks
KpiIndMnd,1981M03,23.1,Konsumprisindeks
KpiIndMnd,1981M04,23.3,Konsumprisindeks
KpiIndMnd,1981M05,23.4,Konsumprisindeks
KpiIndMnd,1981M06,23.7,Konsumprisindeks
KpiIndMnd,1981M07,24.0,Konsumprisindeks
KpiIndMnd,1981M08,24.0,Konsumprisindeks
KpiIndMnd,1981M09,24.3,Konsumprisindeks
KpiIndMnd,1981M10,24.3,Konsumprisindeks
KpiIndMnd,1981M11,24.4,Konsumprisindeks
KpiIndMnd,1981M12,24.5,Konsumprisindeks
KpiIndMnd,1982M01,25.2,Konsumprisindeks
KpiIndMnd,1982M02,25.4,Konsumprisindeks
KpiIndMnd,1982M03,25.8,Konsumprisindeks
KpiIndMnd,1982M04,26.0,Konsumprisindeks
KpiIndMnd,1982M05,26.0,Konsumprisindeks
KpiIndMnd,1982M06,26.2,Konsumprisindeks
KpiIndMnd,1982M07,26.7,Konsumprisindeks
KpiIndMnd,1982M08,26.7,Konsumprisindeks
KpiIndMnd,1982M09,26.9,Konsumprisindeks
KpiIndMnd,1982M10,27.1,Konsumprisindeks
KpiIndMnd,1982M11,27.3,Konsumprisindeks
KpiIndMnd,1982M12,27.4,Konsumprisindeks
KpiIndMnd,1983M01,27.8,Konsumprisindeks
KpiIndMnd,1983M02,27.9,Konsumprisindeks
KpiIndMnd,1983M03,28.2,Konsumprisindeks
KpiIndMnd,1983M04,28.3,Konsumprisindeks
KpiIndMnd,1983M05,28.4,Konsumprisindeks
KpiIndMnd,1983M06,28.6,Konsumprisindeks
KpiIndMnd,1983M07,28.8,Konsumprisindeks
KpiIndMnd,1983M08,28.7,Konsumprisindeks
KpiIndMnd,1983M09,29.0,Konsumprisindeks
KpiIndMnd,1983M10,29.1,Konsumprisindeks
KpiIndMnd,1983M11,29.2,Konsumprisindeks
KpiIndMnd,1983M12,29.3,Konsumprisindeks
KpiIndMnd,1984M01,29.6,Konsumprisindeks
KpiIndMnd,1984M02,29.7,Konsumprisindeks
KpiIndMnd,1984M03,30.1,Konsumprisindeks
KpiIndMnd,1984M04,30.2,Konsumprisindeks
KpiIndMnd,1984M05,30.2,Konsumprisindeks
KpiIndMnd,1984M06,30.4,Konsumprisindeks
KpiIndMnd,1984M07,30.5,Konsumprisindeks
KpiIndMnd,1984M08,30.5,Konsumprisindeks
KpiIndMnd,1984M09,30.7,Konsumprisindeks
KpiIndMnd,1984M10,30.9,Konsumprisindeks
KpiIndMnd,1984M11,30.9,Konsumprisindeks
KpiIndMnd,1984M12,31.0,Konsumprisindeks
KpiIndMnd,1985M01,31.3,Konsumprisindeks
KpiIndMnd,1985M02,31.4,Konsumprisindeks
KpiIndMnd,1985M03,31.7,Konsumprisindeks
KpiIndMnd,1985M04,31.8,Konsumprisindeks
KpiIndMnd,1985M05,31.9,Konsumprisindeks
KpiIndMnd,1985M06,32.2,Konsumprisindeks
KpiIndMnd,1985M07,32.3,Konsumprisindeks
KpiIndMnd,1985M08,32.2,Konsumprisindeks
KpiIndMnd,1985M09,32.5,Konsumprisindeks
KpiIndMnd,1985M10,32.6,Konsumprisindeks
KpiIndMnd,1985M11,32.7,Konsumprisindeks
KpiIndMnd,1985M12,32.8,Konsumprisindeks
KpiIndMnd,1986M01,33.1,Konsumprisindeks
KpiIndMnd,1986M02,33.3,Konsumprisindeks
KpiIndMnd,1986M03,33.5,Konsumprisindeks
KpiIndMnd,1986M04,33.7,Konsumprisindeks
KpiIndMnd,1986M05,33.7,Konsumprisindeks
KpiIndMnd,1986M06,34.3,Konsumprisindeks
KpiIndMnd,1986M07,34.7,Konsumprisindeks
KpiIndMnd,1986M08,34.8,Konsumprisindeks
KpiIndMnd,1986M09,35.3,Konsumprisindeks
KpiIndMnd,1986M10,35.4,Konsumprisindeks
KpiIndMnd,1986M11,35.5,Konsumprisindeks
KpiIndMnd,1986M12,35.7,Konsumprisindeks
KpiIndMnd,1987M01,36.3,Konsumprisindeks
KpiIndMnd,1987M02,36.6,Konsumprisindeks
KpiIndMnd,1987M03,37.0,Konsumprisindeks
KpiIndMnd,1987M04,37.1,Konsumprisindeks
KpiIndMnd,1987M05,37.2,Konsumprisindeks
KpiIndMnd,1987M06,37.4,Konsumprisindeks
KpiIndMnd,1987M07,37.5,Konsumprisindeks
KpiIndMnd,1987M08,37.5,Konsumprisindeks
KpiIndMnd,1987M09,38.1,Konsumprisindeks
KpiIndMnd,1987M10,38.1,Konsumprisindeks
KpiIndMnd,1987M11,38.2,Konsumprisindeks
KpiIndMnd,1987M12,38.4,Konsumprisindeks
KpiIndMnd,1988M01,38.8,Konsumprisindeks
KpiIndMnd,1988M02,39.1,Konsumprisindeks
KpiIndMnd,1988M03,39.6,Konsumprisindeks
KpiIndMnd,1988M04,39.7,Konsumprisindeks
KpiIndMnd,1988M05,39.8,Konsumprisindeks
KpiIndMnd,1988M06,40.0,Konsumprisindeks
KpiIndMnd,1988M07,40.0,Konsumprisindeks
KpiIndMnd,1988M08,40.0,Konsumprisindeks
KpiIndMnd,1988M09,40.5,Konsumprisindeks
KpiIndMnd,1988M10,40.5,Konsumprisindeks
KpiIndMnd,1988M11,40.5,Konsumprisindeks
KpiIndMnd,1988M12,40.5,Konsumprisindeks
KpiIndMnd,1989M01,40.8,Konsumprisindeks
KpiIndMnd,1989M02,41.0,Konsumprisindeks
KpiIndMnd,1989M03,41.3,Konsumprisindeks
KpiIndMnd,1989M04,41.6,Konsumprisindeks
KpiIndMnd,1989M05,41.7,Konsumprisindeks
KpiIndMnd,1989M06,41.9,Konsumprisindeks
KpiIndMnd,1989M07,42.0,Konsumprisindeks
KpiIndMnd,1989M08,41.8,Konsumprisindeks
KpiIndMnd,1989M09,42.2,Konsumprisindeks
KpiIndMnd,1989M10,42.3,Konsumprisindeks
KpiIndMnd,1989M11,42.3,Konsumprisindeks
KpiIndMnd,1989M12,42.2,Konsumprisindeks
KpiIndMnd,1990M01,42.5,Konsumprisindeks
KpiIndMnd,1990M02,42.7,Konsumprisindeks
KpiIndMnd,1990M03,43.2,Konsumprisindeks
KpiIndMnd,1990M04,43.2,Konsumprisindeks
KpiIndMnd,1990M05,43.3,Konsumprisindeks
KpiIndMnd,1990M06,43.4,Konsumprisindeks
KpiIndMnd,1990M07,43.5,Konsumprisindeks
KpiIndMnd,1990M08,43.4,Konsumprisindeks
KpiIndMnd,1990M09,43.8,Konsumprisindeks
KpiIndMnd,1990M10,44.2,Konsumprisindeks
KpiIndMnd,1990M11,44.2,Konsumprisindeks
KpiIndMnd,1990M12,44.1,Konsumprisindeks
KpiIndMnd,1991M01,44.3,Konsumprisindeks
KpiIndMnd,1991M02,44.4,Konsumprisindeks
KpiIndMnd,1991M03,44.7,Konsumprisindeks
KpiIndMnd,1991M04,44.9,Konsumprisindeks
KpiIndMnd,1991M05,44.9,Konsumprisindeks
KpiIndMnd,1991M06,45.0,Konsumprisindeks
KpiIndMnd,1991M07,45.0,Konsumprisindeks
KpiIndMnd,1991M08,45.0,Konsumprisindeks
KpiIndMnd,1991M09,45.3,Konsumprisindeks
KpiIndMnd,1991M10,45.3,Konsumprisindeks
KpiIndMnd,1991M11,45.3,Konsumprisindeks
KpiIndMnd,1991M12,45.3,Konsumprisindeks
KpiIndMnd,1992M01,45.3,Konsumprisindeks
KpiIndMnd,1992M02,45.4,Konsumprisindeks
KpiIndMnd,1992M03,45.9,Konsumprisindeks
KpiIndMnd,1992M04,46.0,Konsumprisindeks
KpiIndMnd,1992M05,46.0,Konsumprisindeks
KpiIndMnd,1992M06,46.1,Konsumprisindeks
KpiIndMnd,1992M07,46.2,Konsumprisindeks
KpiIndMnd,1992M08,46.0,Konsumprisindeks
KpiIndMnd,1992M09,46.2,Konsumprisindeks
KpiIndMnd,1992M10,46.3,Konsumprisindeks
KpiIndMnd,1992M11,46.4,Konsumprisindeks
KpiIndMnd,1992M12,46.3,Konsumprisindeks
KpiIndMnd,1993M01,46.5,Konsumprisindeks
KpiIndMnd,1993M02,46.6,Konsumprisindeks
KpiIndMnd,1993M03,47.0,Konsumprisindeks
KpiIndMnd,1993M04,47.1,Konsumprisindeks
KpiIndMnd,1993M05,47.2,Konsumprisindeks
KpiIndMnd,1993M06,47.2,Konsumprisindeks
KpiIndMnd,1993M07,47.1,Konsumprisindeks
KpiIndMnd,1993M08,47.0,Konsumprisindeks
KpiIndMnd,1993M09,47.2,Konsumprisindeks
KpiIndMnd,1993M10,47.3,Konsumprisindeks
KpiIndMnd,1993M11,47.2,Konsumprisindeks
KpiIndMnd,1993M12,47.2,Konsumprisindeks
KpiIndMnd,1994M01,47.1,Konsumprisindeks
KpiIndMnd,1994M02,47.3,Konsumprisindeks
KpiIndMnd,1994M03,47.5,Konsumprisindeks
KpiIndMnd,1994M04,47.5,Konsumprisindeks
KpiIndMnd,1994M05,47.6,Konsumprisindeks
KpiIndMnd,1994M06,47.7,Konsumprisindeks
KpiIndMnd,1994M07,47.8,Konsumprisindeks
KpiIndMnd,1994M08,47.8,Konsumprisindeks
KpiIndMnd,1994M09,48.0,Konsumprisindeks
KpiIndMnd,1994M10,48.1,Konsumprisindeks
KpiIndMnd,1994M11,48.1,Konsumprisindeks
KpiIndMnd,1994M12,48.1,Konsumprisindeks
KpiIndMnd,1995M01,48.3,Konsumprisindeks
KpiIndMnd,1995M02,48.5,Konsumprisindeks
KpiIndMnd,1995M03,48.8,Konsumprisindeks
KpiIndMnd,1995M04,48.8,Konsumprisindeks
KpiIndMnd,1995M05,48.9,Konsumprisindeks
KpiIndMnd,1995M06,49.0,Konsumprisindeks
KpiIndMnd,1995M07,49.0,Konsumprisindeks
KpiIndMnd,1995M08,48.9,Konsumprisindeks
KpiIndMnd,1995M09,49.1,Konsumprisindeks
KpiIndMnd,1995M10,49.1,Konsumprisindeks
KpiIndMnd,1995M11,49.1,Konsumprisindeks
KpiIndMnd,1995M12,49.1,Konsumprisindeks
KpiIndMnd,1996M01,48.9,Konsumprisindeks
KpiIndMnd,1996M02,48.9,Konsumprisindeks
KpiIndMnd,1996M03,49.1,Konsumprisindeks
KpiIndMnd,1996M04,49.3,Konsumprisindeks
KpiIndMnd,1996M05,49.4,Konsumprisindeks
KpiIndMnd,1996M06,49.4,Konsumprisindeks
KpiIndMnd,1996M07,49.6,Konsumprisindeks
KpiIndMnd,1996M08,49.6,Konsumprisindeks
KpiIndMnd,1996M09,49.8,Konsumprisindeks
KpiIndMnd,1996M10,50.0,Konsumprisindeks
KpiIndMnd,1996M11,50.0,Konsumprisindeks
KpiIndMnd,1996M12,50.0,Konsumprisindeks
KpiIndMnd,1997M01,50.3,Konsumprisindeks
KpiIndMnd,1997M02,50.5,Konsumprisindeks
KpiIndMnd,1997M03,50.6,Konsumprisindeks
KpiIndMnd,1997M04,50.6,Konsumprisindeks
KpiIndMnd,1997M05,50.7,Konsumprisindeks
KpiIndMnd,1997M06,50.8,Konsumprisindeks
KpiIndMnd,1997M07,50.7,Konsumprisindeks
KpiIndMnd,1997M08,50.7,Konsumprisindeks
KpiIndMnd,1997M09,50.9,Konsumprisindeks
KpiIndMnd,1997M10,51.1,Konsumprisindeks
KpiIndMnd,1997M11,51.1,Konsumprisindeks
KpiIndMnd,1997M12,51.1,Konsumprisindeks
KpiIndMnd,1998M01,51.4,Konsumprisindeks
KpiIndMnd,1998M02,51.5,Konsumprisindeks
KpiIndMnd,1998M03,51.8,Konsumprisindeks
KpiIndMnd,1998M04,51.8,Konsumprisindeks
KpiIndMnd,1998M05,51.8,Konsumprisindeks
KpiIndMnd,1998M06,51.9,Konsumprisindeks
KpiIndMnd,1998M07,52.0,Konsumprisindeks
KpiIndMnd,1998M08,51.8,Konsumprisindeks
KpiIndMnd,1998M09,52.2,Konsumprisindeks
KpiIndMnd,1998M10,52.2,Konsumprisindeks
KpiIndMnd,1998M11,52.3,Konsumprisindeks
KpiIndMnd,1998M12,52.3,Konsumprisindeks
KpiIndMnd,1999M01,52.5,Konsumprisindeks
KpiIndMnd,1999M02,52.7,Konsumprisindeks
KpiIndMnd,1999M03,53.0,Konsumprisindeks
KpiIndMnd,1999M04,53.1,Konsumprisindeks
KpiIndMnd,1999M05,53.1,Konsumprisindeks
KpiIndMnd,1999M06,53.1,Konsumprisindeks
KpiIndMnd,1999M07,53.0,Konsumprisindeks
KpiIndMnd,1999M08,52.8,Konsumprisindeks
KpiIndMnd,1999M09,53.3,Konsumprisindeks
KpiIndMnd,1999M10,53.5,Konsumprisindeks
KpiIndMnd,1999M11,53.7,Konsumprisindeks
KpiIndMnd,1999M12,53.8,Konsumprisindeks
KpiIndMnd,2000M01,54.1,Konsumprisindeks
KpiIndMnd,2000M02,54.3,Konsumprisindeks
KpiIndMnd,2000M03,54.4,Konsumprisindeks
KpiIndMnd,2000M04,54.5,Konsumprisindeks
KpiIndMnd,2000M05,54.6,Konsumprisindeks
KpiIndMnd,2000M06,54.9,Konsumprisindeks
KpiIndMnd,2000M07,54.7,Konsumprisindeks
KpiIndMnd,2000M08,54.7,Konsumprisindeks
KpiIndMnd,2000M09,55.2,Konsumprisindeks
KpiIndMnd,2000M10,55.2,Konsumprisindeks
KpiIndMnd,2000M11,55.4,Konsumprisindeks
KpiIndMnd,2000M12,55.4,Konsumprisindeks
KpiIndMnd,2001M01,55.8,Konsumprisindeks
KpiIndMnd,2001M02,56.3,Konsumprisindeks
KpiIndMnd,2001M03,56.4,Konsumprisindeks
KpiIndMnd,2001M04,56.7,Konsumprisindeks
KpiIndMnd,2001M05,56.9,Konsumprisindeks
KpiIndMnd,2001M06,56.9,Konsumprisindeks
KpiIndMnd,2001M07,56.2,Konsumprisindeks
KpiIndMnd,2001M08,56.1,Konsumprisindeks
KpiIndMnd,2001M09,56.4,Konsumprisindeks
KpiIndMnd,2001M10,56.4,Konsumprisindeks
KpiIndMnd,2001M11,56.4,Konsumprisindeks
KpiIndMnd,2001M12,56.5,Konsumprisindeks
KpiIndMnd,2002M01,56.6,Konsumprisindeks
KpiIndMnd,2002M02,56.7,Konsumprisindeks
KpiIndMnd,2002M03,56.9,Konsumprisindeks
KpiIndMnd,2002M04,57.0,Konsumprisindeks
KpiIndMnd,2002M05,57.1,Konsumprisindeks
KpiIndMnd,2002M06,57.2,Konsumprisindeks
KpiIndMnd,2002M07,57.1,Konsumprisindeks
KpiIndMnd,2002M08,56.9,Konsumprisindeks
KpiIndMnd,2002M09,57.2,Konsumprisindeks
KpiIndMnd,2002M10,57.4,Konsumprisindeks
KpiIndMnd,2002M11,57.6,Konsumprisindeks
KpiIndMnd,2002M12,58.1,Konsumprisindeks
KpiIndMnd,2003M01,59.5,Konsumprisindeks
KpiIndMnd,2003M02,59.5,Konsumprisindeks
KpiIndMnd,2003M03,59.1,Konsumprisindeks
KpiIndMnd,2003M04,58.6,Konsumprisindeks
KpiIndMnd,2003M05,58.3,Konsumprisindeks
KpiIndMnd,2003M06,58.1,Konsumprisindeks
KpiIndMnd,2003M07,58.0,Konsumprisindeks
KpiIndMnd,2003M08,58.1,Konsumprisindeks
KpiIndMnd,2003M09,58.4,Konsumprisindeks
KpiIndMnd,2003M10,58.4,Konsumprisindeks
KpiIndMnd,2003M11,58.5,Konsumprisindeks
KpiIndMnd,2003M12,58.5,Konsumprisindeks
KpiIndMnd,2004M01,58.4,Konsumprisindeks
KpiIndMnd,2004M02,58.5,Konsumprisindeks
KpiIndMnd,2004M03,58.7,Konsumprisindeks
KpiIndMnd,2004M04,58.8,Konsumprisindeks
KpiIndMnd,2004M05,58.9,Konsumprisindeks
KpiIndMnd,2004M06,58.9,Konsumprisindeks
KpiIndMnd,2004M07,58.8,Konsumprisindeks
KpiIndMnd,2004M08,58.7,Konsumprisindeks
KpiIndMnd,2004M09,59.0,Konsumprisindeks
KpiIndMnd,2004M10,59.2,Konsumprisindeks
KpiIndMnd,2004M11,59.2,Konsumprisindeks
KpiIndMnd,2004M12,59.1,Konsumprisindeks
KpiIndMnd,2005M01,59.0,Konsumprisindeks
KpiIndMnd,2005M02,59.0,Konsumprisindeks
KpiIndMnd,2005M03,59.3,Konsumprisindeks
KpiIndMnd,2005M04,59.6,Konsumprisindeks
KpiIndMnd,2005M05,59.8,Konsumprisindeks
KpiIndMnd,2005M06,59.9,Konsumprisindeks
KpiIndMnd,2005M07,59.7,Konsumprisindeks
KpiIndMnd,2005M08,59.8,Konsumprisindeks
KpiIndMnd,2005M09,60.2,Konsumprisindeks
KpiIndMnd,2005M10,60.2,Konsumprisindeks
KpiIndMnd,2005M11,60.2,Konsumprisindeks
KpiIndMnd,2005M12,60.2,Konsumprisindeks
KpiIndMnd,2006M01,60.0,Konsumprisindeks
KpiIndMnd,2006M02,60.5,Konsumprisindeks
KpiIndMnd,2006M03,60.7,Konsumprisindeks
KpiIndMnd,2006M04,61.2,Konsumprisindeks
KpiIndMnd,2006M05,61.2,Konsumprisindeks
KpiIndMnd,2006M06,61.1,Konsumprisindeks
KpiIndMnd,2006M07,60.9,Konsumprisindeks
KpiIndMnd,2006M08,60.9,Konsumprisindeks
KpiIndMnd,2006M09,61.8,Konsumprisindeks
KpiIndMnd,2006M10,61.8,Konsumprisindeks
KpiIndMnd,2006M11,61.8,Konsumprisindeks
KpiIndMnd,2006M12,61.5,Konsumprisindeks
KpiIndMnd,2007M01,60.7,Konsumprisindeks
KpiIndMnd,2007M02,61.0,Konsumprisindeks
KpiIndMnd,2007M03,61.4,Konsumprisindeks
KpiIndMnd,2007M04,61.4,Konsumprisindeks
KpiIndMnd,2007M05,61.4,Konsumprisindeks
KpiIndMnd,2007M06,61.4,Konsumprisindeks
KpiIndMnd,2007M07,61.2,Konsumprisindeks
KpiIndMnd,2007M08,61.2,Konsumprisindeks
KpiIndMnd,2007M09,61.6,Konsumprisindeks
KpiIndMnd,2007M10,61.7,Konsumprisindeks
KpiIndMnd,2007M11,62.7,Konsumprisindeks
KpiIndMnd,2007M12,63.3,Konsumprisindeks
KpiIndMnd,2008M01,63.0,Konsumprisindeks
KpiIndMnd,2008M02,63.3,Konsumprisindeks
KpiIndMnd,2008M03,63.3,Konsumprisindeks
KpiIndMnd,2008M04,63.3,Konsumprisindeks
KpiIndMnd,2008M05,63.3,Konsumprisindeks
KpiIndMnd,2008M06,63.4,Konsumprisindeks
KpiIndMnd,2008M07,63.9,Konsumprisindeks
KpiIndMnd,2008M08,63.9,Konsumprisindeks
KpiIndMnd,2008M09,64.9,Konsumprisindeks
KpiIndMnd,2008M10,65.1,Konsumprisindeks
KpiIndMnd,2008M11,64.7,Konsumprisindeks
KpiIndMnd,2008M12,64.6,Konsumprisindeks
KpiIndMnd,2009M01,64.4,Konsumprisindeks
KpiIndMnd,2009M02,64.9,Konsumprisindeks
KpiIndMnd,2009M03,64.9,Konsumprisindeks
KpiIndMnd,2009M04,65.1,Konsumprisindeks
KpiIndMnd,2009M05,65.3,Konsumprisindeks
KpiIndMnd,2009M06,65.6,Konsumprisindeks
KpiIndMnd,2009M07,65.3,Konsumprisindeks
KpiIndMnd,2009M08,65.1,Konsumprisindeks
KpiIndMnd,2009M09,65.6,Konsumprisindeks
KpiIndMnd,2009M10,65.5,Konsumprisindeks
KpiIndMnd,2009M11,65.7,Konsumprisindeks
KpiIndMnd,2009M12,65.9,Konsumprisindeks
KpiIndMnd,2010M01,66.0,Konsumprisindeks
KpiIndMnd,2010M02,66.8,Konsumprisindeks
KpiIndMnd,2010M03,67.1,Konsumprisindeks
KpiIndMnd,2010M04,67.3,Konsumprisindeks
KpiIndMnd,2010M05,66.9,Konsumprisindeks
KpiIndMnd,2010M06,66.9,Konsumprisindeks
KpiIndMnd,2010M07,66.5,Konsumprisindeks
KpiIndMnd,2010M08,66.3,Konsumprisindeks
KpiIndMnd,2010M09,66.8,Konsumprisindeks
KpiIndMnd,2010M10,66.9,Konsumprisindeks
KpiIndMnd,2010M11,67.0,Konsumprisindeks
KpiIndMnd,2010M12,67.7,Konsumprisindeks
KpiIndMnd,2011M01,67.3,Konsumprisindeks
KpiIndMnd,2011M02,67.6,Konsumprisindeks
KpiIndMnd,2011M03,67.8,Konsumprisindeks
KpiIndMnd,2011M04,68.2,Konsumprisindeks
KpiIndMnd,2011M05,68.0,Konsumprisindeks
KpiIndMnd,2011M06,67.8,Konsumprisindeks
KpiIndMnd,2011M07,67.6,Konsumprisindeks
KpiIndMnd,2011M08,67.2,Konsumprisindeks
KpiIndMnd,2011M09,67.8,Konsumprisindeks
KpiIndMnd,2011M10,67.8,Konsumprisindeks
KpiIndMnd,2011M11,67.8,Konsumprisindeks
KpiIndMnd,2011M12,67.8,Konsumprisindeks
KpiIndMnd,2012M01,67.7,Konsumprisindeks
KpiIndMnd,2012M02,68.4,Konsumprisindeks
KpiIndMnd,2012M03,68.3,Konsumprisindeks
KpiIndMnd,2012M04,68.4,Konsumprisindeks
KpiIndMnd,2012M05,68.4,Konsumprisindeks
KpiIndMnd,2012M06,68.0,Konsumprisindeks
KpiIndMnd,2012M07,67.8,Konsumprisindeks
KpiIndMnd,2012M08,67.5,Konsumprisindeks
KpiIndMnd,2012M09,68.1,Konsumprisindeks
KpiIndMnd,2012M10,68.5,Konsumprisindeks
KpiIndMnd,2012M11,68.5,Konsumprisindeks
KpiIndMnd,2012M12,68.7,Konsumprisindeks
KpiIndMnd,2013M01,68.6,Konsumprisindeks
KpiIndMnd,2013M02,69.0,Konsumprisindeks
KpiIndMnd,2013M03,69.3,Konsumprisindeks
KpiIndMnd,2013M04,69.7,Konsumprisindeks
KpiIndMnd,2013M05,69.7,Konsumprisindeks
KpiIndMnd,2013M06,69.5,Konsumprisindeks
KpiIndMnd,2013M07,69.8,Konsumprisindeks
KpiIndMnd,2013M08,69.7,Konsumprisindeks
KpiIndMnd,2013M09,70.0,Konsumprisindeks
KpiIndMnd,2013M10,70.1,Konsumprisindeks
KpiIndMnd,2013M11,70.2,Konsumprisindeks
KpiIndMnd,2013M12,70.1,Konsumprisindeks
KpiIndMnd,2014M01,70.2,Konsumprisindeks
KpiIndMnd,2014M02,70.5,Konsumprisindeks
KpiIndMnd,2014M03,70.7,Konsumprisindeks
KpiIndMnd,2014M04,70.9,Konsumprisindeks
KpiIndMnd,2014M05,71.0,Konsumprisindeks
KpiIndMnd,2014M06,70.8,Konsumprisindeks
KpiIndMnd,2014M07,71.4,Konsumprisindeks
KpiIndMnd,2014M08,71.1,Konsumprisindeks
KpiIndMnd,2014M09,71.5,Konsumprisindeks
KpiIndMnd,2014M10,71.6,Konsumprisindeks
KpiIndMnd,2014M11,71.6,Konsumprisindeks
KpiIndMnd,2014M12,71.6,Konsumprisindeks
KpiIndMnd,2015M01,71.6,Konsumprisindeks
KpiIndMnd,2015M02,71.8,Konsumprisindeks
KpiIndMnd,2015M03,72.0,Konsumprisindeks
KpiIndMnd,2015M04,72.3,Konsumprisindeks
KpiIndMnd,2015M05,72.5,Konsumprisindeks
KpiIndMnd,2015M06,72.7,Konsumprisindeks
KpiIndMnd,2015M07,72.7,Konsumprisindeks
KpiIndMnd,2015M08,72.5,Konsumprisindeks
KpiIndMnd,2015M09,73.0,Konsumprisindeks
KpiIndMnd,2015M10,73.3,Konsumprisindeks
KpiIndMnd,2015M11,73.6,Konsumprisindeks
KpiIndMnd,2015M12,73.3,Konsumprisindeks
KpiIndMnd,2016M01,73.7,Konsumprisindeks
KpiIndMnd,2016M02,74.1,Konsumprisindeks
KpiIndMnd,2016M03,74.4,Konsumprisindeks
KpiIndMnd,2016M04,74.7,Konsumprisindeks
KpiIndMnd,2016M05,74.9,Konsumprisindeks
KpiIndMnd,2016M06,75.4,Konsumprisindeks
KpiIndMnd,2016M07,75.9,Konsumprisindeks
KpiIndMnd,2016M08,75.4,Konsumprisindeks
KpiIndMnd,2016M09,75.7,Konsumprisindeks
KpiIndMnd,2016M10,76.0,Konsumprisindeks
KpiIndMnd,2016M11,76.2,Konsumprisindeks
KpiIndMnd,2016M12,75.8,Konsumprisindeks
KpiIndMnd,2017M01,75.7,Konsumprisindeks
KpiIndMnd,2017M02,76.0,Konsumprisindeks
KpiIndMnd,2017M03,76.3,Konsumprisindeks
KpiIndMnd,2017M04,76.4,Konsumprisindeks
KpiIndMnd,2017M05,76.6,Konsumprisindeks
KpiIndMnd,2017M06,76.9,Konsumprisindeks
KpiIndMnd,2017M07,77.1,Konsumprisindeks
KpiIndMnd,2017M08,76.5,Konsumprisindeks
KpiIndMnd,2017M09,76.9,Konsumprisindeks
KpiIndMnd,2017M10,76.9,Konsumprisindeks
KpiIndMnd,2017M11,77.0,Konsumprisindeks
KpiIndMnd,2017M12,77.1,Konsumprisindeks
KpiIndMnd,2018M01,77.0,Konsumprisindeks
KpiIndMnd,2018M02,77.7,Konsumprisindeks
KpiIndMnd,2018M03,77.9,Konsumprisindeks
KpiIndMnd,2018M04,78.2,Konsumprisindeks
KpiIndMnd,2018M05,78.2,Konsumprisindeks
KpiIndMnd,2018M06,78.8,Konsumprisindeks
KpiIndMnd,2018M07,79.4,Konsumprisindeks
KpiIndMnd,2018M08,79.1,Konsumprisindeks
KpiIndMnd,2018M09,79.5,Konsumprisindeks
KpiIndMnd,2018M10,79.4,Konsumprisindeks
KpiIndMnd,2018M11,79.7,Konsumprisindeks
KpiIndMnd,2018M12,79.7,Konsumprisindeks
KpiIndMnd,2019M01,79.4,Konsumprisindeks
KpiIndMnd,2019M02,80.0,Konsumprisindeks
KpiIndMnd,2019M03,80.1,Konsumprisindeks
KpiIndMnd,2019M04,80.5,Konsumprisindeks
KpiIndMnd,2019M05,80.3,Konsumprisindeks
KpiIndMnd,2019M06,80.3,Konsumprisindeks
KpiIndMnd,2019M07,80.9,Konsumprisindeks
KpiIndMnd,2019M08,80.3,Konsumprisindeks
KpiIndMnd,2019M09,80.7,Konsumprisindeks
KpiIndMnd,2019M10,80.8,Konsumprisindeks
KpiIndMnd,2019M11,81.0,Konsumprisindeks
KpiIndMnd,2019M12,80.8,Konsumprisindeks
KpiIndMnd,2020M01,80.8,Konsumprisindeks
KpiIndMnd,2020M02,80.8,Konsumprisindeks
KpiIndMnd,2020M03,80.8,Konsumprisindeks
KpiIndMnd,2020M04,81.1,Konsumprisindeks
KpiIndMnd,2020M05,81.2,Konsumprisindeks
KpiIndMnd,2020M06,81.4,Konsumprisindeks
KpiIndMnd,2020M07,82.0,Konsumprisindeks
KpiIndMnd,2020M08,81.7,Konsumprisindeks
KpiIndMnd,2020M09,82.0,Konsumprisindeks
KpiIndMnd,2020M10,82.2,Konsumprisindeks
KpiIndMnd,2020M11,81.6,Konsumprisindeks
KpiIndMnd,2020M12,82.0,Konsumprisindeks
KpiIndMnd,2021M01,82.8,Konsumprisindeks
KpiIndMnd,2021M02,83.4,Konsumprisindeks
KpiIndMnd,2021M03,83.2,Konsumprisindeks
KpiIndMnd,2021M04,83.5,Konsumprisindeks
KpiIndMnd,2021M05,83.4,Konsumprisindeks
KpiIndMnd,2021M06,83.7,Konsumprisindeks
KpiIndMnd,2021M07,84.5,Konsumprisindeks
KpiIndMnd,2021M08,84.4,Konsumprisindeks
KpiIndMnd,2021M09,85.4,Konsumprisindeks
KpiIndMnd,2021M10,85.1,Konsumprisindeks
KpiIndMnd,2021M11,85.8,Konsumprisindeks
KpiIndMnd,2021M12,86.3,Konsumprisindeks
KpiIndMnd,2022M01,85.5,Konsumprisindeks
KpiIndMnd,2022M02,86.5,Konsumprisindeks
KpiIndMnd,2022M03,87.0,Konsumprisindeks
KpiIndMnd,2022M04,88.0,Konsumprisindeks
KpiIndMnd,2022M05,88.3,Konsumprisindeks
KpiIndMnd,2022M06,89.0,Konsumprisindeks
KpiIndMnd,2022M07,90.2,Konsumprisindeks
KpiIndMnd,2022M08,89.9,Konsumprisindeks
KpiIndMnd,2022M09,91.2,Konsumprisindeks
KpiIndMnd,2022M10,91.5,Konsumprisindeks
KpiIndMnd,2022M11,91.4,Konsumprisindeks
KpiIndMnd,2022M12,91.4,Konsumprisindeks
KpiIndMnd,2023M01,91.5,Konsumprisindeks
KpiIndMnd,2023M02,91.9,Konsumprisindeks
KpiIndMnd,2023M03,92.7,Konsumprisindeks
KpiIndMnd,2023M04,93.6,Konsumprisindeks
KpiIndMnd,2023M05,94.1,Konsumprisindeks
KpiIndMnd,2023M06,94.7,Konsumprisindeks
KpiIndMnd,2023M07,95.0,Konsumprisindeks
KpiIndMnd,2023M08,94.3,Konsumprisindeks
KpiIndMnd,2023M09,94.3,Konsumprisindeks
KpiIndMnd,2023M10,95.2,Konsumprisindeks
KpiIndMnd,2023M11,95.7,Konsumprisindeks
KpiIndMnd,2023M12,95.7,Konsumprisindeks
KpiIndMnd,2024M01,95.9,Konsumprisindeks
KpiIndMnd,2024M02,96.1,Konsumprisindeks
KpiIndMnd,2024M03,96.3,Konsumprisindeks
KpiIndMnd,2024M04,97.0,Konsumprisindeks
KpiIndMnd,2024M05,96.9,Konsumprisindeks
KpiIndMnd,2024M06,97.2,Konsumprisindeks
KpiIndMnd,2024M07,97.7,Konsumprisindeks
KpiIndMnd,2024M08,96.8,Konsumprisindeks
KpiIndMnd,2024M09,97.1,Konsumprisindeks
KpiIndMnd,2024M10,97.7,Konsumprisindeks
KpiIndMnd,2024M11,98.0,Konsumprisindeks
KpiIndMnd,2024M12,97.9,Konsumprisindeks
KpiIndMnd,2025M01,98.1,Konsumprisindeks
KpiIndMnd,2025M02,99.5,Konsumprisindeks
KpiIndMnd,2025M03,98.8,Konsumprisindeks
KpiIndMnd,2025M04,99.4,Konsumprisindeks
KpiIndMnd,2025M05,99.9,Konsumprisindeks
KpiIndMnd,2025M06,100.1,Konsumprisindeks
KpiIndMnd,2025M07,100.8,Konsumprisindeks
KpiIndMnd,2025M08,100.2,Konsumprisindeks
KpiIndMnd,2025M09,100.6,Konsumprisindeks
KpiIndMnd,2025M10,100.7,Konsumprisindeks
KpiIndMnd,2025M11,100.9,Konsumprisindeks
KpiIndMnd,2025M12,101.0,Konsumprisindeks
KpiIndMnd,2026M01,101.6,Konsumprisindeks
KpiIndMnd,2026M02,102.2,Konsumprisindeks
KpiIndMnd,2026M03,102.4,Konsumprisindeks
KpiIndMnd,2026M04,102.8,Konsumprisindeks
KpiIndMnd,2026M05,103.0,Konsumprisindeks
KpiIndMnd,2026M06,102.8,Konsumprisindeks
KpiIndMnd,2026M07,103.8,Konsumprisindeks
KpiIndMnd,2026M08,103.5,Konsumprisindeks
