Arbeidstype,ContentsCode,period,value,Arbeidstype_label,ContentsCode_label
01,Byggindeks,1978M01,20.7,I alt,Byggekostnadsindeks
01,Byggindeks,1978M02,20.7,I alt,Byggekostnadsindeks
01,Byggindeks,1978M03,20.8,I alt,Byggekostnadsindeks
01,Byggindeks,1978M04,20.9,I alt,Byggekostnadsindeks
01,Byggindeks,1978M05,20.9,I alt,Byggekostnadsindeks
01,Byggindeks,1978M06,20.9,I alt,Byggekostnadsindeks
01,Byggindeks,1978M07,21.0,I alt,Byggekostnadsindeks
01,Byggindeks,1978M08,21.0,I alt,Byggekostnadsindeks
01,Byggindeks,1978M09,21.0,I alt,Byggekostnadsindeks
01,Byggindeks,1978M10,21.1,I alt,Byggekostnadsindeks
01,Byggindeks,1978M11,21.1,I alt,Byggekostnadsindeks
01,Byggindeks,1978M12,21.1,I alt,Byggekostnadsindeks
01,Byggindeks,1979M01,21.2,I alt,Byggekostnadsindeks
01,Byggindeks,1979M02,21.2,I alt,Byggekostnadsindeks
01,Byggindeks,1979M03,21.3,I alt,Byggekostnadsindeks
01,Byggindeks,1979M04,21.3,I alt,Byggekostnadsindeks
01,Byggindeks,1979M05,21.3,I alt,Byggekostnadsindeks
01,Byggindeks,1979M06,21.4,I alt,Byggekostnadsindeks
01,Byggindeks,1979M07,21.4,I alt,Byggekostnadsindeks
01,Byggindeks,1979M08,21.4,I alt,Byggekostnadsindeks
01,Byggindeks,1979M09,21.6,I alt,Byggekostnadsindeks
01,Byggindeks,1979M10,21.8,I alt,Byggekostnadsindeks
01,Byggindeks,1979M11,21.9,I alt,Byggekostnadsindeks
01,Byggindeks,1979M12,22.0,I alt,Byggekostnadsindeks
01,Byggindeks,1980M01,22.1,I alt,Byggekostnadsindeks
01,Byggindeks,1980M02,22.3,I alt,Byggekostnadsindeks
01,Byggindeks,1980M03,22.5,I alt,Byggekostnadsindeks
01,Byggindeks,1980M04,22.8,I alt,Byggekostnadsindeks
01,Byggindeks,1980M05,23.2,I alt,Byggekostnadsindeks
01,Byggindeks,1980M06,23.5,I alt,Byggekostnadsindeks
01,Byggindeks,1980M07,23.6,I alt,Byggekostnadsindeks
01,Byggindeks,1980M08,23.9,I alt,Byggekostnadsindeks
01,Byggindeks,1980M09,24.0,I alt,Byggekostnadsindeks
01,Byggindeks,1980M10,24.2,I alt,Byggekostnadsindeks
01,Byggindeks,1980M11,24.4,I alt,Byggekostnadsindeks
01,Byggindeks,1980M12,24.4,I alt,Byggekostnadsindeks
01,Byggindeks,1981M01,24.6,I alt,Byggekostnadsindeks
01,Byggindeks,1981M02,24.8,I alt,Byggekostnadsindeks
01,Byggindeks,1981M03,24.9,I alt,Byggekostnadsindeks
01,Byggindeks,1981M04,25.4,I alt,Byggekostnadsindeks
01,Byggindeks,1981M05,25.5,I alt,Byggekostnadsindeks
01,Byggindeks,1981M06,25.7,I alt,Byggekostnadsindeks
01,Byggindeks,1981M07,25.9,I alt,Byggekostnadsindeks
01,Byggindeks,1981M08,26.0,I alt,Byggekostnadsindeks
01,Byggindeks,1981M09,26.1,I alt,Byggekostnadsindeks
01,Byggindeks,1981M10,26.1,I alt,Byggekostnadsindeks
01,Byggindeks,1981M11,26.4,I alt,Byggekostnadsindeks
01,Byggindeks,1981M12,26.4,I alt,Byggekostnadsindeks
01,Byggindeks,1982M01,26.7,I alt,Byggekostnadsindeks
01,Byggindeks,1982M02,27.0,I alt,Byggekostnadsindeks
01,Byggindeks,1982M03,27.1,I alt,Byggekostnadsindeks
01,Byggindeks,1982M04,27.7,I alt,Byggekostnadsindeks
01,Byggindeks,1982M05,27.8,I alt,Byggekostnadsindeks
01,Byggindeks,1982M06,27.8,I alt,Byggekostnadsindeks
01,Byggindeks,1982M07,27.9,I alt,Byggekostnadsindeks
01,Byggindeks,1982M08,28.0,I alt,Byggekostnadsindeks
01,Byggindeks,1982M09,28.2,I alt,Byggekostnadsindeks
01,Byggindeks,1982M10,28.4,I alt,Byggekostnadsindeks
01,Byggindeks,1982M11,28.5,I alt,Byggekostnadsindeks
01,Byggindeks,1982M12,28.6,I alt,Byggekostnadsindeks
01,Byggindeks,1983M01,28.8,I alt,Byggekostnadsindeks
01,Byggindeks,1983M02,28.9,I alt,Byggekostnadsindeks
01,Byggindeks,1983M03,29.0,I alt,Byggekostnadsindeks
01,Byggindeks,1983M04,29.2,I alt,Byggekostnadsindeks
01,Byggindeks,1983M05,29.2,I alt,Byggekostnadsindeks
01,Byggindeks,1983M06,29.3,I alt,Byggekostnadsindeks
01,Byggindeks,1983M07,29.5,I alt,Byggekostnadsindeks
01,Byggindeks,1983M08,29.8,I alt,Byggekostnadsindeks
01,Byggindeks,1983M09,29.8,I alt,Byggekostnadsindeks
01,Byggindeks,1983M10,29.9,I alt,Byggekostnadsindeks
01,Byggindeks,1983M11,30.0,I alt,Byggekostnadsindeks
01,Byggindeks,1983M12,30.1,I alt,Byggekostnadsindeks
01,Byggindeks,1984M01,30.3,I alt,Byggekostnadsindeks
01,Byggindeks,1984M02,30.3,I alt,Byggekostnadsindeks
01,Byggindeks,1984M03,30.4,I alt,Byggekostnadsindeks
01,Byggindeks,1984M04,30.7,I alt,Byggekostnadsindeks
01,Byggindeks,1984M05,30.8,I alt,Byggekostnadsindeks
01,Byggindeks,1984M06,30.9,I alt,Byggekostnadsindeks
01,Byggindeks,1984M07,31.0,I alt,Byggekostnadsindeks
01,Byggindeks,1984M08,31.1,I alt,Byggekostnadsindeks
01,Byggindeks,1984M09,31.2,I alt,Byggekostnadsindeks
01,Byggindeks,1984M10,31.3,I alt,Byggekostnadsindeks
01,Byggindeks,1984M11,31.4,I alt,Byggekostnadsindeks
01,Byggindeks,1984M12,31.4,I alt,Byggekostnadsindeks
01,Byggindeks,1985M01,31.6,I alt,Byggekostnadsindeks
01,Byggindeks,1985M02,31.8,I alt,Byggekostnadsindeks
01,Byggindeks,1985M03,31.8,I alt,Byggekostnadsindeks
01,Byggindeks,1985M04,32.0,I alt,Byggekostnadsindeks
01,Byggindeks,1985M05,32.2,I alt,Byggekostnadsindeks
01,Byggindeks,1985M06,32.3,I alt,Byggekostnadsindeks
01,Byggindeks,1985M07,32.5,I alt,Byggekostnadsindeks
01,Byggindeks,1985M08,32.6,I alt,Byggekostnadsindeks
01,Byggindeks,1985M09,32.8,I alt,Byggekostnadsindeks
01,Byggindeks,1985M10,32.9,I alt,Byggekostnadsindeks
01,Byggindeks,1985M11,33.0,I alt,Byggekostnadsindeks
01,Byggindeks,1985M12,33.0,I alt,Byggekostnadsindeks
01,Byggindeks,1986M01,33.3,I alt,Byggekostnadsindeks
01,Byggindeks,1986M02,33.5,I alt,Byggekostnadsindeks
01,Byggindeks,1986M03,33.6,I alt,Byggekostnadsindeks
01,Byggindeks,1986M04,34.0,I alt,Byggekostnadsindeks
01,Byggindeks,1986M05,34.3,I alt,Byggekostnadsindeks
01,Byggindeks,1986M06,34.7,I alt,Byggekostnadsindeks
01,Byggindeks,1986M07,35.1,I alt,Byggekostnadsindeks
01,Byggindeks,1986M08,35.3,I alt,Byggekostnadsindeks
01,Byggindeks,1986M09,35.4,I alt,Byggekostnadsindeks
01,Byggindeks,1986M10,35.7,I alt,Byggekostnadsindeks
01,Byggindeks,1986M11,35.8,I alt,Byggekostnadsindeks
01,Byggindeks,1986M12,36.0,I alt,Byggekostnadsindeks
01,Byggindeks,1987M01,37.4,I alt,Byggekostnadsindeks
01,Byggindeks,1987M02,37.8,I alt,Byggekostnadsindeks
01,Byggindeks,1987M03,37.9,I alt,Byggekostnadsindeks
01,Byggindeks,1987M04,38.2,I alt,Byggekostnadsindeks
01,Byggindeks,1987M05,38.3,I alt,Byggekostnadsindeks
01,Byggindeks,1987M06,38.5,I alt,Byggekostnadsindeks
01,Byggindeks,1987M07,38.6,I alt,Byggekostnadsindeks
01,Byggindeks,1987M08,38.9,I alt,Byggekostnadsindeks
01,Byggindeks,1987M09,39.3,I alt,Byggekostnadsindeks
01,Byggindeks,1987M10,39.6,I alt,Byggekostnadsindeks
01,Byggindeks,1987M11,39.7,I alt,Byggekostnadsindeks
01,Byggindeks,1987M12,40.1,I alt,Byggekostnadsindeks
01,Byggindeks,1988M01,40.6,I alt,Byggekostnadsindeks
01,Byggindeks,1988M02,41.1,I alt,Byggekostnadsindeks
01,Byggindeks,1988M03,41.5,I alt,Byggekostnadsindeks
01,Byggindeks,1988M04,41.8,I alt,Byggekostnadsindeks
01,Byggindeks,1988M05,41.9,I alt,Byggekostnadsindeks
01,Byggindeks,1988M06,42.3,I alt,Byggekostnadsindeks
01,Byggindeks,1988M07,42.4,I alt,Byggekostnadsindeks
01,Byggindeks,1988M08,42.5,I alt,Byggekostnadsindeks
01,Byggindeks,1988M09,42.6,I alt,Byggekostnadsindeks
01,Byggindeks,1988M10,42.8,I alt,Byggekostnadsindeks
01,Byggindeks,1988M11,42.9,I alt,Byggekostnadsindeks
01,Byggindeks,1988M12,43.1,I alt,Byggekostnadsindeks
01,Byggindeks,1989M01,43.2,I alt,Byggekostnadsindeks
01,Byggindeks,1989M02,43.2,I alt,Byggekostnadsindeks
01,Byggindeks,1989M03,43.3,I alt,Byggekostnadsindeks
01,Byggindeks,1989M04,44.0,I alt,Byggekostnadsindeks
01,Byggindeks,1989M05,44.0,I alt,Byggekostnadsindeks
01,Byggindeks,1989M06,44.1,I alt,Byggekostnadsindeks
01,Byggindeks,1989M07,44.1,I alt,Byggekostnadsindeks
01,Byggindeks,1989M08,44.1,I alt,Byggekostnadsindeks
01,Byggindeks,1989M09,44.2,I alt,Byggekostnadsindeks
01,Byggindeks,1989M10,44.2,I alt,Byggekostnadsindeks
01,Byggindeks,1989M11,44.2,I alt,Byggekostnadsindeks
01,Byggindeks,1989M12,44.2,I alt,Byggekostnadsindeks
01,Byggindeks,1990M01,44.6,I alt,Byggekostnadsindeks
01,Byggindeks,1990M02,44.8,I alt,Byggekostnadsindeks
01,Byggindeks,1990M03,44.8,I alt,Byggekostnadsindeks
01,Byggindeks,1990M04,45.4,I alt,Byggekostnadsindeks
01,Byggindeks,1990M05,45.4,I alt,Byggekostnadsindeks
01,Byggindeks,1990M06,45.4,I alt,Byggekostnadsindeks
01,Byggindeks,1990M07,45.5,I alt,Byggekostnadsindeks
01,Byggindeks,1990M08,45.5,I alt,Byggekostnadsindeks
01,Byggindeks,1990M09,45.6,I alt,Byggekostnadsindeks
01,Byggindeks,1990M10,45.7,I alt,Byggekostnadsindeks
01,Byggindeks,1990M11,45.7,I alt,Byggekostnadsindeks
01,Byggindeks,1990M12,45.7,I alt,Byggekostnadsindeks
01,Byggindeks,1991M01,45.9,I alt,Byggekostnadsindeks
01,Byggindeks,1991M02,46.3,I alt,Byggekostnadsindeks
01,Byggindeks,1991M03,46.4,I alt,Byggekostnadsindeks
01,Byggindeks,1991M04,46.8,I alt,Byggekostnadsindeks
01,Byggindeks,1991M05,46.9,I alt,Byggekostnadsindeks
01,Byggindeks,1991M06,47.0,I alt,Byggekostnadsindeks
01,Byggindeks,1991M07,47.0,I alt,Byggekostnadsindeks
01,Byggindeks,1991M08,47.1,I alt,Byggekostnadsindeks
01,Byggindeks,1991M09,47.1,I alt,Byggekostnadsindeks
01,Byggindeks,1991M10,47.1,I alt,Byggekostnadsindeks
01,Byggindeks,1991M11,47.1,I alt,Byggekostnadsindeks
01,Byggindeks,1991M12,47.1,I alt,Byggekostnadsindeks
01,Byggindeks,1992M01,47.1,I alt,Byggekostnadsindeks
01,Byggindeks,1992M02,47.1,I alt,Byggekostnadsindeks
01,Byggindeks,1992M03,47.1,I alt,Byggekostnadsindeks
01,Byggindeks,1992M04,47.1,I alt,Byggekostnadsindeks
01,Byggindeks,1992M05,47.1,I alt,Byggekostnadsindeks
01,Byggindeks,1992M06,47.1,I alt,Byggekostnadsindeks
01,Byggindeks,1992M07,47.2,I alt,Byggekostnadsindeks
01,Byggindeks,1992M08,47.2,I alt,Byggekostnadsindeks
01,Byggindeks,1992M09,47.2,I alt,Byggekostnadsindeks
01,Byggindeks,1992M10,47.2,I alt,Byggekostnadsindeks
01,Byggindeks,1992M11,47.3,I alt,Byggekostnadsindeks
01,Byggindeks,1992M12,47.3,I alt,Byggekostnadsindeks
01,Byggindeks,1993M01,47.1,I alt,Byggekostnadsindeks
01,Byggindeks,1993M02,47.2,I alt,Byggekostnadsindeks
01,Byggindeks,1993M03,47.2,I alt,Byggekostnadsindeks
01,Byggindeks,1993M04,47.4,I alt,Byggekostnadsindeks
01,Byggindeks,1993M05,47.4,I alt,Byggekostnadsindeks
01,Byggindeks,1993M06,47.4,I alt,Byggekostnadsindeks
01,Byggindeks,1993M07,47.4,I alt,Byggekostnadsindeks
01,Byggindeks,1993M08,47.4,I alt,Byggekostnadsindeks
01,Byggindeks,1993M09,47.4,I alt,Byggekostnadsindeks
01,Byggindeks,1993M10,47.5,I alt,Byggekostnadsindeks
01,Byggindeks,1993M11,47.5,I alt,Byggekostnadsindeks
01,Byggindeks,1993M12,47.5,I alt,Byggekostnadsindeks
01,Byggindeks,1994M01,47.6,I alt,Byggekostnadsindeks
01,Byggindeks,1994M02,47.6,I alt,Byggekostnadsindeks
01,Byggindeks,1994M03,47.6,I alt,Byggekostnadsindeks
01,Byggindeks,1994M04,47.9,I alt,Byggekostnadsindeks
01,Byggindeks,1994M05,48.6,I alt,Byggekostnadsindeks
01,Byggindeks,1994M06,49.0,I alt,Byggekostnadsindeks
01,Byggindeks,1994M07,49.2,I alt,Byggekostnadsindeks
01,Byggindeks,1994M08,49.7,I alt,Byggekostnadsindeks
01,Byggindeks,1994M09,50.0,I alt,Byggekostnadsindeks
01,Byggindeks,1994M10,50.1,I alt,Byggekostnadsindeks
01,Byggindeks,1994M11,50.2,I alt,Byggekostnadsindeks
01,Byggindeks,1994M12,50.4,I alt,Byggekostnadsindeks
01,Byggindeks,1995M01,50.6,I alt,Byggekostnadsindeks
01,Byggindeks,1995M02,50.9,I alt,Byggekostnadsindeks
01,Byggindeks,1995M03,51.1,I alt,Byggekostnadsindeks
01,Byggindeks,1995M04,51.5,I alt,Byggekostnadsindeks
01,Byggindeks,1995M05,51.5,I alt,Byggekostnadsindeks
01,Byggindeks,1995M06,51.5,I alt,Byggekostnadsindeks
01,Byggindeks,1995M07,51.5,I alt,Byggekostnadsindeks
01,Byggindeks,1995M08,51.5,I alt,Byggekostnadsindeks
01,Byggindeks,1995M09,51.5,I alt,Byggekostnadsindeks
01,Byggindeks,1995M10,51.5,I alt,Byggekostnadsindeks
01,Byggindeks,1995M11,51.5,I alt,Byggekostnadsindeks
01,Byggindeks,1995M12,51.5,I alt,Byggekostnadsindeks
01,Byggindeks,1996M01,51.5,I alt,Byggekostnadsindeks
01,Byggindeks,1996M02,51.6,I alt,Byggekostnadsindeks
01,Byggindeks,1996M03,51.7,I alt,Byggekostnadsindeks
01,Byggindeks,1996M04,52.0,I alt,Byggekostnadsindeks
01,Byggindeks,1996M05,51.9,I alt,Byggekostnadsindeks
01,Byggindeks,1996M06,51.9,I alt,Byggekostnadsindeks
01,Byggindeks,1996M07,51.9,I alt,Byggekostnadsindeks
01,Byggindeks,1996M08,52.0,I alt,Byggekostnadsindeks
01,Byggindeks,1996M09,52.1,I alt,Byggekostnadsindeks
01,Byggindeks,1996M10,52.1,I alt,Byggekostnadsindeks
01,Byggindeks,1996M11,52.1,I alt,Byggekostnadsindeks
01,Byggindeks,1996M12,52.2,I alt,Byggekostnadsindeks
01,Byggindeks,1997M01,52.3,I alt,Byggekostnadsindeks
01,Byggindeks,1997M02,52.4,I alt,Byggekostnadsindeks
01,Byggindeks,1997M03,52.6,I alt,Byggekostnadsindeks
01,Byggindeks,1997M04,52.9,I alt,Byggekostnadsindeks
01,Byggindeks,1997M05,52.9,I alt,Byggekostnadsindeks
01,Byggindeks,1997M06,53.0,I alt,Byggekostnadsindeks
01,Byggindeks,1997M07,53.1,I alt,Byggekostnadsindeks
01,Byggindeks,1997M08,53.1,I alt,Byggekostnadsindeks
01,Byggindeks,1997M09,53.2,I alt,Byggekostnadsindeks
01,Byggindeks,1997M10,53.3,I alt,Byggekostnadsindeks
01,Byggindeks,1997M11,53.3,I alt,Byggekostnadsindeks
01,Byggindeks,1997M12,53.3,I alt,Byggekostnadsindeks
01,Byggindeks,1998M01,53.5,I alt,Byggekostnadsindeks
01,Byggindeks,1998M02,53.6,I alt,Byggekostnadsindeks
01,Byggindeks,1998M03,53.7,I alt,Byggekostnadsindeks
01,Byggindeks,1998M04,54.4,I alt,Byggekostnadsindeks
01,Byggindeks,1998M05,54.5,I alt,Byggekostnadsindeks
01,Byggindeks,1998M06,54.6,I alt,Byggekostnadsindeks
01,Byggindeks,1998M07,54.6,I alt,Byggekostnadsindeks
01,Byggindeks,1998M08,54.7,I alt,Byggekostnadsindeks
01,Byggindeks,1998M09,54.7,I alt,Byggekostnadsindeks
01,Byggindeks,1998M10,55.3,I alt,Byggekostnadsindeks
01,Byggindeks,1998M11,55.3,I alt,Byggekostnadsindeks
01,Byggindeks,1998M12,55.3,I alt,Byggekostnadsindeks
01,Byggindeks,1999M01,55.4,I alt,Byggekostnadsindeks
01,Byggindeks,1999M02,55.6,I alt,Byggekostnadsindeks
01,Byggindeks,1999M03,55.7,I alt,Byggekostnadsindeks
01,Byggindeks,1999M04,55.7,I alt,Byggekostnadsindeks
01,Byggindeks,1999M05,55.8,I alt,Byggekostnadsindeks
01,Byggindeks,1999M06,55.8,I alt,Byggekostnadsindeks
01,Byggindeks,1999M07,55.8,I alt,Byggekostnadsindeks
01,Byggindeks,1999M08,55.8,I alt,Byggekostnadsindeks
01,Byggindeks,1999M09,56.2,I alt,Byggekostnadsindeks
01,Byggindeks,1999M10,56.2,I alt,Byggekostnadsindeks
01,Byggindeks,1999M11,56.4,I alt,Byggekostnadsindeks
01,Byggindeks,1999M12,56.9,I alt,Byggekostnadsindeks
01,Byggindeks,2000M01,57.1,I alt,Byggekostnadsindeks
01,Byggindeks,2000M02,57.3,I alt,Byggekostnadsindeks
01,Byggindeks,2000M03,57.5,I alt,Byggekostnadsindeks
01,Byggindeks,2000M04,57.6,I alt,Byggekostnadsindeks
01,Byggindeks,2000M05,57.6,I alt,Byggekostnadsindeks
01,Byggindeks,2000M06,57.8,I alt,Byggekostnadsindeks
01,Byggindeks,2000M07,58.0,I alt,Byggekostnadsindeks
01,Byggindeks,2000M08,58.1,I alt,Byggekostnadsindeks
01,Byggindeks,2000M09,58.9,I alt,Byggekostnadsindeks
01,Byggindeks,2000M10,59.0,I alt,Byggekostnadsindeks
01,Byggindeks,2000M11,59.0,I alt,Byggekostnadsindeks
01,Byggindeks,2000M12,59.5,I alt,Byggekostnadsindeks
01,Byggindeks,2001M01,60.1,I alt,Byggekostnadsindeks
01,Byggindeks,2001M02,60.4,I alt,Byggekostnadsindeks
01,Byggindeks,2001M03,60.5,I alt,Byggekostnadsindeks
01,Byggindeks,2001M04,60.6,I alt,Byggekostnadsindeks
01,Byggindeks,2001M05,60.6,I alt,Byggekostnadsindeks
01,Byggindeks,2001M06,60.7,I alt,Byggekostnadsindeks
01,Byggindeks,2001M07,60.9,I alt,Byggekostnadsindeks
01,Byggindeks,2001M08,61.0,I alt,Byggekostnadsindeks
01,Byggindeks,2001M09,61.3,I alt,Byggekostnadsindeks
01,Byggindeks,2001M10,61.4,I alt,Byggekostnadsindeks
01,Byggindeks,2001M11,61.4,I alt,Byggekostnadsindeks
01,Byggindeks,2001M12,61.9,I alt,Byggekostnadsindeks
01,Byggindeks,2002M01,62.1,I alt,Byggekostnadsindeks
01,Byggindeks,2002M02,62.2,I alt,Byggekostnadsindeks
01,Byggindeks,2002M03,62.5,I alt,Byggekostnadsindeks
01,Byggindeks,2002M04,62.5,I alt,Byggekostnadsindeks
01,Byggindeks,2002M05,62.8,I alt,Byggekostnadsindeks
01,Byggindeks,2002M06,62.8,I alt,Byggekostnadsindeks
01,Byggindeks,2002M07,62.9,I alt,Byggekostnadsindeks
01,Byggindeks,2002M08,63.3,I alt,Byggekostnadsindeks
01,Byggindeks,2002M09,63.4,I alt,Byggekostnadsindeks
01,Byggindeks,2002M10,63.5,I alt,Byggekostnadsindeks
01,Byggindeks,2002M11,63.5,I alt,Byggekostnadsindeks
01,Byggindeks,2002M12,64.0,I alt,Byggekostnadsindeks
01,Byggindeks,2003M01,64.3,I alt,Byggekostnadsindeks
01,Byggindeks,2003M02,64.6,I alt,Byggekostnadsindeks
01,Byggindeks,2003M03,64.8,I alt,Byggekostnadsindeks
01,Byggindeks,2003M04,64.7,I alt,Byggekostnadsindeks
01,Byggindeks,2003M05,64.7,I alt,Byggekostnadsindeks
01,Byggindeks,2003M06,64.7,I alt,Byggekostnadsindeks
01,Byggindeks,2003M07,64.7,I alt,Byggekostnadsindeks
01,Byggindeks,2003M08,64.9,I alt,Byggekostnadsindeks
01,Byggindeks,2003M09,65.0,I alt,Byggekostnadsindeks
01,Byggindeks,2003M10,65.1,I alt,Byggekostnadsindeks
01,Byggindeks,2003M11,65.1,I alt,Byggekostnadsindeks
01,Byggindeks,2003M12,65.5,I alt,Byggekostnadsindeks
01,Byggindeks,2004M01,65.7,I alt,Byggekostnadsindeks
01,Byggindeks,2004M02,65.8,I alt,Byggekostnadsindeks
01,Byggindeks,2004M03,66.1,I alt,Byggekostnadsindeks
01,Byggindeks,2004M04,66.4,I alt,Byggekostnadsindeks
01,Byggindeks,2004M05,66.5,I alt,Byggekostnadsindeks
01,Byggindeks,2004M06,66.8,I alt,Byggekostnadsindeks
01,Byggindeks,2004M07,67.0,I alt,Byggekostnadsindeks
01,Byggindeks,2004M08,67.1,I alt,Byggekostnadsindeks
01,Byggindeks,2004M09,67.2,I alt,Byggekostnadsindeks
01,Byggindeks,2004M10,67.3,I alt,Byggekostnadsindeks
01,Byggindeks,2004M11,67.4,I alt,Byggekostnadsindeks
01,Byggindeks,2004M12,68.0,I alt,Byggekostnadsindeks
01,Byggindeks,2005M01,68.2,I alt,Byggekostnadsindeks
01,Byggindeks,2005M02,68.3,I alt,Byggekostnadsindeks
01,Byggindeks,2005M03,68.6,I alt,Byggekostnadsindeks
01,Byggindeks,2005M04,68.7,I alt,Byggekostnadsindeks
01,Byggindeks,2005M05,68.9,I alt,Byggekostnadsindeks
01,Byggindeks,2005M06,68.9,I alt,Byggekostnadsindeks
01,Byggindeks,2005M07,69.0,I alt,Byggekostnadsindeks
01,Byggindeks,2005M08,69.2,I alt,Byggekostnadsindeks
01,Byggindeks,2005M09,69.3,I alt,Byggekostnadsindeks
01,Byggindeks,2005M10,69.4,I alt,Byggekostnadsindeks
01,Byggindeks,2005M11,70.0,I alt,Byggekostnadsindeks
01,Byggindeks,2005M12,70.0,I alt,Byggekostnadsindeks
01,Byggindeks,2006M01,70.2,I alt,Byggekostnadsindeks
01,Byggindeks,2006M02,70.4,I alt,Byggekostnadsindeks
01,Byggindeks,2006M03,70.6,I alt,Byggekostnadsindeks
01,Byggindeks,2006M04,70.8,I alt,Byggekostnadsindeks
01,Byggindeks,2006M05,71.1,I alt,Byggekostnadsindeks
01,Byggindeks,2006M06,71.3,I alt,Byggekostnadsindeks
01,Byggindeks,2006M07,71.5,I alt,Byggekostnadsindeks
01,Byggindeks,2006M08,71.8,I alt,Byggekostnadsindeks
01,Byggindeks,2006M09,71.8,I alt,Byggekostnadsindeks
01,Byggindeks,2006M10,72.7,I alt,Byggekostnadsindeks
01,Byggindeks,2006M11,73.7,I alt,Byggekostnadsindeks
01,Byggindeks,2006M12,73.9,I alt,Byggekostnadsindeks
01,Byggindeks,2007M01,74.5,I alt,Byggekostnadsindeks
01,Byggindeks,2007M02,74.8,I alt,Byggekostnadsindeks
01,Byggindeks,2007M03,75.0,I alt,Byggekostnadsindeks
01,Byggindeks,2007M04,76.2,I alt,Byggekostnadsindeks
01,Byggindeks,2007M05,76.8,I alt,Byggekostnadsindeks
01,Byggindeks,2007M06,76.9,I alt,Byggekostnadsindeks
01,Byggindeks,2007M07,77.0,I alt,Byggekostnadsindeks
01,Byggindeks,2007M08,77.4,I alt,Byggekostnadsindeks
01,Byggindeks,2007M09,77.6,I alt,Byggekostnadsindeks
01,Byggindeks,2007M10,78.0,I alt,Byggekostnadsindeks
01,Byggindeks,2007M11,79.3,I alt,Byggekostnadsindeks
01,Byggindeks,2007M12,79.5,I alt,Byggekostnadsindeks
01,Byggindeks,2008M01,79.8,I alt,Byggekostnadsindeks
01,Byggindeks,2008M02,80.2,I alt,Byggekostnadsindeks
01,Byggindeks,2008M03,80.4,I alt,Byggekostnadsindeks
01,Byggindeks,2008M04,80.8,I alt,Byggekostnadsindeks
01,Byggindeks,2008M05,80.9,I alt,Byggekostnadsindeks
01,Byggindeks,2008M06,81.1,I alt,Byggekostnadsindeks
01,Byggindeks,2008M07,81.3,I alt,Byggekostnadsindeks
01,Byggindeks,2008M08,81.8,I alt,Byggekostnadsindeks
01,Byggindeks,2008M09,81.8,I alt,Byggekostnadsindeks
01,Byggindeks,2008M10,82.2,I alt,Byggekostnadsindeks
01,Byggindeks,2008M11,82.7,I alt,Byggekostnadsindeks
01,Byggindeks,2008M12,82.6,I alt,Byggekostnadsindeks
01,Byggindeks,2009M01,82.6,I alt,Byggekostnadsindeks
01,Byggindeks,2009M02,82.7,I alt,Byggekostnadsindeks
01,Byggindeks,2009M03,82.7,I alt,Byggekostnadsindeks
01,Byggindeks,2009M04,82.7,I alt,Byggekostnadsindeks
01,Byggindeks,2009M05,82.7,I alt,Byggekostnadsindeks
01,Byggindeks,2009M06,82.8,I alt,Byggekostnadsindeks
01,Byggindeks,2009M07,82.9,I alt,Byggekostnadsindeks
01,Byggindeks,2009M08,83.4,I alt,Byggekostnadsindeks
01,Byggindeks,2009M09,83.7,I alt,Byggekostnadsindeks
01,Byggindeks,2009M10,83.9,I alt,Byggekostnadsindeks
01,Byggindeks,2009M11,84.0,I alt,Byggekostnadsindeks
01,Byggindeks,2009M12,84.1,I alt,Byggekostnadsindeks
01,Byggindeks,2010M01,84.2,I alt,Byggekostnadsindeks
01,Byggindeks,2010M02,84.7,I alt,Byggekostnadsindeks
01,Byggindeks,2010M03,85.0,I alt,Byggekostnadsindeks
01,Byggindeks,2010M04,85.5,I alt,Byggekostnadsindeks
01,Byggindeks,2010M05,85.8,I alt,Byggekostnadsindeks
01,Byggindeks,2010M06,85.9,I alt,Byggekostnadsindeks
01,Byggindeks,2010M07,85.9,I alt,Byggekostnadsindeks
01,Byggindeks,2010M08,86.1,I alt,Byggekostnadsindeks
01,Byggindeks,2010M09,86.2,I alt,Byggekostnadsindeks
01,Byggindeks,2010M10,86.6,I alt,Byggekostnadsindeks
01,Byggindeks,2010M11,87.0,I alt,Byggekostnadsindeks
01,Byggindeks,2010M12,87.1,I alt,Byggekostnadsindeks
01,Byggindeks,2011M01,87.6,I alt,Byggekostnadsindeks
01,Byggindeks,2011M02,87.9,I alt,Byggekostnadsindeks
01,Byggindeks,2011M03,88.2,I alt,Byggekostnadsindeks
01,Byggindeks,2011M04,88.4,I alt,Byggekostnadsindeks
01,Byggindeks,2011M05,88.9,I alt,Byggekostnadsindeks
01,Byggindeks,2011M06,89.1,I alt,Byggekostnadsindeks
01,Byggindeks,2011M07,89.1,I alt,Byggekostnadsindeks
01,Byggindeks,2011M08,89.2,I alt,Byggekostnadsindeks
01,Byggindeks,2011M09,89.2,I alt,Byggekostnadsindeks
01,Byggindeks,2011M10,89.7,I alt,Byggekostnadsindeks
01,Byggindeks,2011M11,90.1,I alt,Byggekostnadsindeks
01,Byggindeks,2011M12,90.2,I alt,Byggekostnadsindeks
01,Byggindeks,2012M01,90.5,I alt,Byggekostnadsindeks
01,Byggindeks,2012M02,90.8,I alt,Byggekostnadsindeks
01,Byggindeks,2012M03,91.1,I alt,Byggekostnadsindeks
01,Byggindeks,2012M04,91.3,I alt,Byggekostnadsindeks
01,Byggindeks,2012M05,91.5,I alt,Byggekostnadsindeks
01,Byggindeks,2012M06,91.6,I alt,Byggekostnadsindeks
01,Byggindeks,2012M07,91.7,I alt,Byggekostnadsindeks
01,Byggindeks,2012M08,92.1,I alt,Byggekostnadsindeks
01,Byggindeks,2012M09,92.2,I alt,Byggekostnadsindeks
01,Byggindeks,2012M10,92.4,I alt,Byggekostnadsindeks
01,Byggindeks,2012M11,92.9,I alt,Byggekostnadsindeks
01,Byggindeks,2012M12,92.9,I alt,Byggekostnadsindeks
01,Byggindeks,2013M01,93.3,I alt,Byggekostnadsindeks
01,Byggindeks,2013M02,93.6,I alt,Byggekostnadsindeks
01,Byggindeks,2013M03,93.6,I alt,Byggekostnadsindeks
01,Byggindeks,2013M04,93.7,I alt,Byggekostnadsindeks
01,Byggindeks,2013M05,94.2,I alt,Byggekostnadsindeks
01,Byggindeks,2013M06,94.2,I alt,Byggekostnadsindeks
01,Byggindeks,2013M07,94.4,I alt,Byggekostnadsindeks
01,Byggindeks,2013M08,94.9,I alt,Byggekostnadsindeks
01,Byggindeks,2013M09,94.8,I alt,Byggekostnadsindeks
01,Byggindeks,2013M10,95.0,I alt,Byggekostnadsindeks
01,Byggindeks,2013M11,95.4,I alt,Byggekostnadsindeks
01,Byggindeks,2013M12,95.5,I alt,Byggekostnadsindeks
01,Byggindeks,2014M01,95.8,I alt,Byggekostnadsindeks
01,Byggindeks,2014M02,96.3,I alt,Byggekostnadsindeks
01,Byggindeks,2014M03,96.3,I alt,Byggekostnadsindeks
01,Byggindeks,2014M04,97.3,I alt,Byggekostnadsindeks
01,Byggindeks,2014M05,97.6,I alt,Byggekostnadsindeks
01,Byggindeks,2014M06,97.7,I alt,Byggekostnadsindeks
01,Byggindeks,2014M07,97.8,I alt,Byggekostnadsindeks
01,Byggindeks,2014M08,98.0,I alt,Byggekostnadsindeks
01,Byggindeks,2014M09,98.1,I alt,Byggekostnadsindeks
01,Byggindeks,2014M10,98.2,I alt,Byggekostnadsindeks
01,Byggindeks,2014M11,98.5,I alt,Byggekostnadsindeks
01,Byggindeks,2014M12,98.6,I alt,Byggekostnadsindeks
01,Byggindeks,2015M01,98.9,I alt,Byggekostnadsindeks
01,Byggindeks,2015M02,99.3,I alt,Byggekostnadsindeks
01,Byggindeks,2015M03,99.4,I alt,Byggekostnadsindeks
01,Byggindeks,2015M04,99.8,I alt,Byggekostnadsindeks
01,Byggindeks,2015M05,100.1,I alt,Byggekostnadsindeks
01,Byggindeks,2015M06,100.1,I alt,Byggekostnadsindeks
01,Byggindeks,2015M07,100.2,I alt,Byggekostnadsindeks
01,Byggindeks,2015M08,100.3,I alt,Byggekostnadsindeks
01,Byggindeks,2015M09,100.3,I alt,Byggekostnadsindeks
01,Byggindeks,2015M10,100.5,I alt,Byggekostnadsindeks
01,Byggindeks,2015M11,100.7,I alt,Byggekostnadsindeks
01,Byggindeks,2015M12,100.7,I alt,Byggekostnadsindeks
01,Byggindeks,2016M01,101.0,I alt,Byggekostnadsindeks
01,Byggindeks,2016M02,101.2,I alt,Byggekostnadsindeks
01,Byggindeks,2016M03,101.1,I alt,Byggekostnadsindeks
01,Byggindeks,2016M04,102.0,I alt,Byggekostnadsindeks
01,Byggindeks,2016M05,102.4,I alt,Byggekostnadsindeks
01,Byggindeks,2016M06,102.6,I alt,Byggekostnadsindeks
01,Byggindeks,2016M07,102.7,I alt,Byggekostnadsindeks
01,Byggindeks,2016M08,103.1,I alt,Byggekostnadsindeks
01,Byggindeks,2016M09,103.0,I alt,Byggekostnadsindeks
01,Byggindeks,2016M10,103.3,I alt,Byggekostnadsindeks
01,Byggindeks,2016M11,103.5,I alt,Byggekostnadsindeks
01,Byggindeks,2016M12,103.7,I alt,Byggekostnadsindeks
01,Byggindeks,2017M01,103.9,I alt,Byggekostnadsindeks
01,Byggindeks,2017M02,104.2,I alt,Byggekostnadsindeks
01,Byggindeks,2017M03,104.2,I alt,Byggekostnadsindeks
01,Byggindeks,2017M04,104.8,I alt,Byggekostnadsindeks
01,Byggindeks,2017M05,105.2,I alt,Byggekostnadsindeks
01,Byggindeks,2017M06,105.2,I alt,Byggekostnadsindeks
01,Byggindeks,2017M07,105.3,I alt,Byggekostnadsindeks
01,Byggindeks,2017M08,105.5,I alt,Byggekostnadsindeks
01,Byggindeks,2017M09,105.5,I alt,Byggekostnadsindeks
01,Byggindeks,2017M10,106.0,I alt,Byggekostnadsindeks
01,Byggindeks,2017M11,106.5,I alt,Byggekostnadsindeks
01,Byggindeks,2017M12,106.7,I alt,Byggekostnadsindeks
01,Byggindeks,2018M01,107.0,I alt,Byggekostnadsindeks
01,Byggindeks,2018M02,107.4,I alt,Byggekostnadsindeks
01,Byggindeks,2018M03,107.5,I alt,Byggekostnadsindeks
01,Byggindeks,2018M04,108.0,I alt,Byggekostnadsindeks
01,Byggindeks,2018M05,108.4,I alt,Byggekostnadsindeks
01,Byggindeks,2018M06,108.5,I alt,Byggekostnadsindeks
01,Byggindeks,2018M07,108.8,I alt,Byggekostnadsindeks
01,Byggindeks,2018M08,109.4,I alt,Byggekostnadsindeks
01,Byggindeks,2018M09,109.5,I alt,Byggekostnadsindeks
01,Byggindeks,2018M10,109.9,I alt,Byggekostnadsindeks
01,Byggindeks,2018M11,110.1,I alt,Byggekostnadsindeks
01,Byggindeks,2018M12,110.2,I alt,Byggekostnadsindeks
01,Byggindeks,2019M01,110.5,I alt,Byggekostnadsindeks
01,Byggindeks,2019M02,110.7,I alt,Byggekostnadsindeks
01,Byggindeks,2019M03,110.8,I alt,Byggekostnadsindeks
01,Byggindeks,2019M04,111.2,I alt,Byggekostnadsindeks
01,Byggindeks,2019M05,111.7,I alt,Byggekostnadsindeks
01,Byggindeks,2019M06,111.5,I alt,Byggekostnadsindeks
01,Byggindeks,2019M07,111.6,I alt,Byggekostnadsindeks
01,Byggindeks,2019M08,112.2,I alt,Byggekostnadsindeks
01,Byggindeks,2019M09,112.1,I alt,Byggekostnadsindeks
01,Byggindeks,2019M10,112.4,I alt,Byggekostnadsindeks
01,Byggindeks,2019M11,112.3,I alt,Byggekostnadsindeks
01,Byggindeks,2019M12,112.4,I alt,Byggekostnadsindeks
01,Byggindeks,2020M01,112.8,I alt,Byggekostnadsindeks
01,Byggindeks,2020M02,112.8,I alt,Byggekostnadsindeks
01,Byggindeks,2020M03,112.8,I alt,Byggekostnadsindeks
01,Byggindeks,2020M04,113.7,I alt,Byggekostnadsindeks
01,Byggindeks,2020M05,114.4,I alt,Byggekostnadsindeks
01,Byggindeks,2020M06,114.3,I alt,Byggekostnadsindeks
01,Byggindeks,2020M07,114.7,I alt,Byggekostnadsindeks
01,Byggindeks,2020M08,114.9,I alt,Byggekostnadsindeks
01,Byggindeks,2020M09,115.0,I alt,Byggekostnadsindeks
01,Byggindeks,2020M10,115.2,I alt,Byggekostnadsindeks
01,Byggindeks,2020M11,115.2,I alt,Byggekostnadsindeks
01,Byggindeks,2020M12,115.5,I alt,Byggekostnadsindeks
01,Byggindeks,2021M01,116.8,I alt,Byggekostnadsindeks
01,Byggindeks,2021M02,116.8,I alt,Byggekostnadsindeks
01,Byggindeks,2021M03,117.3,I alt,Byggekostnadsindeks
01,Byggindeks,2021M04,119.7,I alt,Byggekostnadsindeks
01,Byggindeks,2021M05,121.0,I alt,Byggekostnadsindeks
01,Byggindeks,2021M06,123.2,I alt,Byggekostnadsindeks
01,Byggindeks,2021M07,124.9,I alt,Byggekostnadsindeks
01,Byggindeks,2021M08,127.8,I alt,Byggekostnadsindeks
01,Byggindeks,2021M09,130.0,I alt,Byggekostnadsindeks
01,Byggindeks,2021M10,130.8,I alt,Byggekostnadsindeks
01,Byggindeks,2021M11,132.0,I alt,Byggekostnadsindeks
01,Byggindeks,2021M12,130.7,I alt,Byggekostnadsindeks
01,Byggindeks,2022M01,131.4,I alt,Byggekostnadsindeks
01,Byggindeks,2022M02,130.5,I alt,Byggekostnadsindeks
01,Byggindeks,2022M03,131.3,I alt,Byggekostnadsindeks
01,Byggindeks,2022M04,133.1,I alt,Byggekostnadsindeks
01,Byggindeks,2022M05,134.6,I alt,Byggekostnadsindeks
01,Byggindeks,2022M06,134.8,I alt,Byggekostnadsindeks
01,Byggindeks,2022M07,136.0,I alt,Byggekostnadsindeks
01,Byggindeks,2022M08,137.0,I alt,Byggekostnadsindeks
01,Byggindeks,2022M09,137.0,I alt,Byggekostnadsindeks
01,Byggindeks,2022M10,137.8,I alt,Byggekostnadsindeks
01,Byggindeks,2022M11,139.2,I alt,Byggekostnadsindeks
01,Byggindeks,2022M12,138.9,I alt,Byggekostnadsindeks
01,Byggindeks,2023M01,139.5,I alt,Byggekostnadsindeks
01,Byggindeks,2023M02,139.6,I alt,Byggekostnadsindeks
01,Byggindeks,2023M03,139.2,I alt,Byggekostnadsindeks
01,Byggindeks,2023M04,140.0,I alt,Byggekostnadsindeks
01,Byggindeks,2023M05,141.1,I alt,Byggekostnadsindeks
01,Byggindeks,2023M06,140.7,I alt,Byggekostnadsindeks
01,Byggindeks,2023M07,140.8,I alt,Byggekostnadsindeks
01,Byggindeks,2023M08,141.5,I alt,Byggekostnadsindeks
01,Byggindeks,2023M09,141.7,I alt,Byggekostnadsindeks
01,Byggindeks,2023M10,142.8,I alt,Byggekostnadsindeks
01,Byggindeks,2023M11,143.4,I alt,Byggekostnadsindeks
01,Byggindeks,2023M12,143.3,I alt,Byggekostnadsindeks
01,Byggindeks,2024M01,144.3,I alt,Byggekostnadsindeks
01,Byggindeks,2024M02,143.9,I alt,Byggekostnadsindeks
01,Byggindeks,2024M03,144.0,I alt,Byggekostnadsindeks
01,Byggindeks,2024M04,145.0,I alt,Byggekostnadsindeks
01,Byggindeks,2024M05,147.0,I alt,Byggekostnadsindeks
01,Byggindeks,2024M06,146.9,I alt,Byggekostnadsindeks
01,Byggindeks,2024M07,147.0,I alt,Byggekostnadsindeks
01,Byggindeks,2024M08,146.8,I alt,Byggekostnadsindeks
01,Byggindeks,2024M09,147.0,I alt,Byggekostnadsindeks
01,Byggindeks,2024M10,147.5,I alt,Byggekostnadsindeks
01,Byggindeks,2024M11,148.6,I alt,Byggekostnadsindeks
01,Byggindeks,2024M12,148.7,I alt,Byggekostnadsindeks
01,Byggindeks,2025M01,149.5,I alt,Byggekostnadsindeks
01,Byggindeks,2025M02,149.6,I alt,Byggekostnadsindeks
01,Byggindeks,2025M03,149.5,I alt,Byggekostnadsindeks
01,Byggindeks,2025M04,150.6,I alt,Byggekostnadsindeks
01,Byggindeks,2025M05,153.6,I alt,Byggekostnadsindeks
01,Byggindeks,2025M06,153.9,I alt,Byggekostnadsindeks
01,Byggindeks,2025M07,153.8,I alt,Byggekostnadsindeks
01,Byggindeks,2025M08,153.9,I alt,Byggekostnadsindeks
01,Byggindeks,2025M09,154.0,I alt,Byggekostnadsindeks
01,Byggindeks,2025M10,154.1,I alt,Byggekostnadsindeks
01,Byggindeks,2025M11,155.1,I alt,Byggekostnadsindeks
01,Byggindeks,2025M12,155.1,I alt,Byggekostnadsindeks
01,Byggindeks,2026M01,156.4,I alt,Byggekostnadsindeks
01,Byggindeks,2026M02,156.1,I alt,Byggekostnadsindeks
01,Byggindeks,2026M03,155.8,I alt,Byggekostnadsindeks
01,Byggindeks,2026M04,156.3,I alt,Byggekostnadsindeks
01,Byggindeks,2026M05,160.4,I alt,Byggekostnadsindeks
01,Byggindeks,2026M06,160.2,I alt,Byggekostnadsindeks
01,Byggindeks,2026M07,160.6,I alt,Byggekostnadsindeks
01,Byggindeks,2026M08,159.8,I alt,Byggekostnadsindeks
